department,semester,code,subject,filename,size_mb,archive
Aircraft Maintenance Technology- Aerospace,1,25711,Bangla-I,Bangla-I.pdf,110.2,aircraft-maintenance-technology-aerospace.zip
Aircraft Maintenance Technology- Aerospace,1,26711,Basic Electricity,Basic Electricity.pdf,102.0,aircraft-maintenance-technology-aerospace.zip
Aircraft Maintenance Technology- Aerospace,1,27011,Basic Workshop Practice,Basic Workshop Practice.pdf,106.9,aircraft-maintenance-technology-aerospace.zip
Aircraft Maintenance Technology- Aerospace,1,25712,English-I,English-I.pdf,242.2,aircraft-maintenance-technology-aerospace.zip
Aircraft Maintenance Technology- Aerospace,1,25911,Mathematics -I,Mathematics -I.pdf,107.4,aircraft-maintenance-technology-aerospace.zip
Aircraft Maintenance Technology- Aerospace,1,25812,Physical Education & Life skills Development,Physical Education & Life skills Development.pdf,68.0,aircraft-maintenance-technology-aerospace.zip
Aircraft Maintenance Technology- Aerospace,1,25912,Physics-I,Physics-I.pdf,110.1,aircraft-maintenance-technology-aerospace.zip
Aircraft Maintenance Technology- Aerospace,2,25721,Bangla -II,Bangla -II.pdf,163.4,aircraft-maintenance-technology-aerospace.zip
Aircraft Maintenance Technology- Aerospace,2,25913,Chemistry,Chemistry.pdf,143.9,aircraft-maintenance-technology-aerospace.zip
Aircraft Maintenance Technology- Aerospace,2,21011,Engineering Drawing,Engineering Drawing.pdf,68.0,aircraft-maintenance-technology-aerospace.zip
Aircraft Maintenance Technology- Aerospace,2,25722,English-II,English-II.pdf,160.1,aircraft-maintenance-technology-aerospace.zip
Aircraft Maintenance Technology- Aerospace,2,25921,Mathematics-II,Mathematics-II.pdf,87.5,aircraft-maintenance-technology-aerospace.zip
Aircraft Maintenance Technology- Aerospace,2,25922,Physics-II,Physics-II.pdf,133.4,aircraft-maintenance-technology-aerospace.zip
Aircraft Maintenance Technology- Aerospace,3,26811,Basic Electronics,Basic Electronics.pdf,101.4,aircraft-maintenance-technology-aerospace.zip
Aircraft Maintenance Technology- Aerospace,3,28511,Computer Office Application,Computer Office Application.pdf,114.3,aircraft-maintenance-technology-aerospace.zip
Aircraft Maintenance Technology- Aerospace,3,25931,Mathematics-III,Mathematics-III.pdf,80.8,aircraft-maintenance-technology-aerospace.zip
Aircraft Maintenance Technology- Aerospace,3,25811,Social Science,Social Science.pdf,149.7,aircraft-maintenance-technology-aerospace.zip
Aircraft Maintenance Technology- Aerospace,4,25841,Accounting,Accounting.pdf,67.1,aircraft-maintenance-technology-aerospace.zip
Aircraft Maintenance Technology- Aerospace,4,29041,Environmental Studies,Environmental Studies.pdf,139.7,aircraft-maintenance-technology-aerospace.zip
Aircraft Maintenance Technology- Aerospace,5,25852,Industrial Management,Industrial Management.pdf,103.8,aircraft-maintenance-technology-aerospace.zip
Aircraft Maintenance Technology- Aerospace,6,25831,Business Communication,Business Communication.pdf,60.6,aircraft-maintenance-technology-aerospace.zip
Aircraft Maintenance Technology- Aerospace,6,25851,Principles of Marketing,Principles of Marketing.pdf,91.8,aircraft-maintenance-technology-aerospace.zip
Aircraft Maintenance Technology- Aerospace,7,25853,Innovation & Entrepreneurship,Innovation & Entrepreneurship.pdf,118.6,aircraft-maintenance-technology-aerospace.zip
Aircraft Maintenance Technology- Avionics,1,25711,Bangla-I,Bangla-I.pdf,110.2,aircraft-maintenance-technology-avionics.zip
Aircraft Maintenance Technology- Avionics,1,26711,Basic Electricity,Basic Electricity.pdf,102.0,aircraft-maintenance-technology-avionics.zip
Aircraft Maintenance Technology- Avionics,1,27011,Basic Workshop Practice,Basic Workshop Practice.pdf,106.9,aircraft-maintenance-technology-avionics.zip
Aircraft Maintenance Technology- Avionics,1,25712,English-I,English-I.pdf,242.2,aircraft-maintenance-technology-avionics.zip
Aircraft Maintenance Technology- Avionics,1,25911,Mathematics -I,Mathematics -I.pdf,107.4,aircraft-maintenance-technology-avionics.zip
Aircraft Maintenance Technology- Avionics,1,25812,Physical Education & Life skills Development,Physical Education & Life skills Development.pdf,68.0,aircraft-maintenance-technology-avionics.zip
Aircraft Maintenance Technology- Avionics,1,25912,Physics-I,Physics-I.pdf,110.1,aircraft-maintenance-technology-avionics.zip
Aircraft Maintenance Technology- Avionics,2,25721,Bangla -II,Bangla -II.pdf,163.4,aircraft-maintenance-technology-avionics.zip
Aircraft Maintenance Technology- Avionics,2,25913,Chemistry,Chemistry.pdf,143.9,aircraft-maintenance-technology-avionics.zip
Aircraft Maintenance Technology- Avionics,2,21011,Engineering Drawing,Engineering Drawing.pdf,68.0,aircraft-maintenance-technology-avionics.zip
Aircraft Maintenance Technology- Avionics,2,25722,English-II,English-II.pdf,160.1,aircraft-maintenance-technology-avionics.zip
Aircraft Maintenance Technology- Avionics,2,25921,Mathematics-II,Mathematics-II.pdf,87.5,aircraft-maintenance-technology-avionics.zip
Aircraft Maintenance Technology- Avionics,2,25922,Physics-II,Physics-II.pdf,133.4,aircraft-maintenance-technology-avionics.zip
Aircraft Maintenance Technology- Avionics,3,26811,Basic Electronics,Basic Electronics.pdf,101.4,aircraft-maintenance-technology-avionics.zip
Aircraft Maintenance Technology- Avionics,3,28511,Computer Office Application,Computer Office Application.pdf,114.3,aircraft-maintenance-technology-avionics.zip
Aircraft Maintenance Technology- Avionics,3,25931,Mathematics-III,Mathematics-III.pdf,80.8,aircraft-maintenance-technology-avionics.zip
Aircraft Maintenance Technology- Avionics,3,25811,Social Science,Social Science.pdf,149.7,aircraft-maintenance-technology-avionics.zip
Aircraft Maintenance Technology- Avionics,4,25841,Accounting,Accounting.pdf,67.1,aircraft-maintenance-technology-avionics.zip
Aircraft Maintenance Technology- Avionics,4,29041,Environmental Studies,Environmental Studies.pdf,139.7,aircraft-maintenance-technology-avionics.zip
Aircraft Maintenance Technology- Avionics,5,25852,Industrial Management,Industrial Management.pdf,103.8,aircraft-maintenance-technology-avionics.zip
Aircraft Maintenance Technology- Avionics,6,25831,Business Communication,Business Communication.pdf,60.6,aircraft-maintenance-technology-avionics.zip
Aircraft Maintenance Technology- Avionics,6,25851,Principles of Marketing,Principles of Marketing.pdf,91.8,aircraft-maintenance-technology-avionics.zip
Aircraft Maintenance Technology- Avionics,7,25853,Innovation & Entrepreneurship,Innovation & Entrepreneurship.pdf,118.6,aircraft-maintenance-technology-avionics.zip
Architecture Technology,1,25711,Bangla-I,Bangla-I.pdf,110.2,architecture-technology.zip
Architecture Technology,1,26711,Basic Electricity,Basic Electricity.pdf,102.0,architecture-technology.zip
Architecture Technology,1,25913,Chemistry,Chemistry.pdf,143.9,architecture-technology.zip
Architecture Technology,1,21011,Engineering Drawing,Engineering Drawing.pdf,68.0,architecture-technology.zip
Architecture Technology,1,25712,English-I,English-I.pdf,242.2,architecture-technology.zip
Architecture Technology,1,25911,Mathematics -I,Mathematics -I.pdf,107.4,architecture-technology.zip
Architecture Technology,1,25812,Physical Education & Life Skills Development,Physical Education & Life Skills Development.pdf,68.0,architecture-technology.zip
Architecture Technology,2,26121,Architectural Design-I,Architectural Design-I.pdf,196.4,architecture-technology.zip
Architecture Technology,2,25721,Bangla -II,Bangla -II.pdf,163.4,architecture-technology.zip
Architecture Technology,2,28511,Computer Office Application,Computer Office Application.pdf,114.3,architecture-technology.zip
Architecture Technology,2,25722,English-II,English-II.pdf,160.1,architecture-technology.zip
Architecture Technology,2,25921,Mathematics-II,Mathematics-II.pdf,87.5,architecture-technology.zip
Architecture Technology,2,25912,Physics -I,Physics -I.pdf,110.1,architecture-technology.zip
Architecture Technology,3,26134,Climatology,Climatology.pdf,130.2,architecture-technology.zip
Architecture Technology,3,26135,Computer Aided Drawing -I,Computer Aided Drawing -I.pdf,112.3,architecture-technology.zip
Architecture Technology,3,25931,Mathematics-III,Mathematics-III.pdf,80.8,architecture-technology.zip
Architecture Technology,3,25922,Physics-II,Physics-II.pdf,133.4,architecture-technology.zip
Architecture Technology,4,25841,Accounting,Accounting.pdf,67.1,architecture-technology.zip
Architecture Technology,4,25811,Social Science,Social Science.pdf,149.7,architecture-technology.zip
Architecture Technology,5,25831,Business Communication,Business Communication.pdf,60.6,architecture-technology.zip
Architecture Technology,5,26153,Model Making,Model Making.pdf,121.2,architecture-technology.zip
Architecture Technology,5,26431,Structural Mechanics,Structural Mechanics.pdf,138.2,architecture-technology.zip
Architecture Technology,5,26457,Water Supply and Sanitary Engineering,Water Supply and Sanitary Engineering.pdf,142.8,architecture-technology.zip
Architecture Technology,6,26464,Design of Structure-I,Design of Structure-I.pdf,104.8,architecture-technology.zip
Architecture Technology,6,29041,Environmental Studies,Environmental Studies.pdf,139.7,architecture-technology.zip
Architecture Technology,6,25852,Industrial Management,Industrial Management.pdf,103.8,architecture-technology.zip
Architecture Technology,7,25853,Innovation & Entrepreneurship,Innovation & Entrepreneurship.pdf,118.6,architecture-technology.zip
Architecture Technology,7,25851,Principles of Marketing,Principles of Marketing.pdf,91.8,architecture-technology.zip
Automobile Technology,1,26211,Automobile Fundamentals,Automobile Fundamentals.pdf,139.1,automobile-technology.zip
Automobile Technology,1,25711,Bangla-I,Bangla-I.pdf,110.2,automobile-technology.zip
Automobile Technology,1,26711,Basic Electricity,Basic Electricity.pdf,102.0,automobile-technology.zip
Automobile Technology,1,21011,Engineering Drawing,Engineering Drawing.pdf,68.0,automobile-technology.zip
Automobile Technology,1,25712,English-I,English-I.pdf,242.2,automobile-technology.zip
Automobile Technology,1,25911,Mathematics -I,Mathematics -I.pdf,107.4,automobile-technology.zip
Automobile Technology,1,25912,Physics -I,Physics -I.pdf,110.1,automobile-technology.zip
Automobile Technology,2,25721,Bangla -II,Bangla -II.pdf,163.4,automobile-technology.zip
Automobile Technology,2,27011,Basic Workshop Practice,Basic Workshop Practice.pdf,106.9,automobile-technology.zip
Automobile Technology,2,25913,Chemistry,Chemistry.pdf,143.9,automobile-technology.zip
Automobile Technology,2,25722,English-II,English-II.pdf,160.1,automobile-technology.zip
Automobile Technology,2,25921,Mathematics-II,Mathematics-II.pdf,87.5,automobile-technology.zip
Automobile Technology,2,25812,Physical Education & Life Skills Development,Physical Education & Life Skills Development.pdf,68.0,automobile-technology.zip
Automobile Technology,2,25922,Physics-II,Physics-II.pdf,133.4,automobile-technology.zip
Automobile Technology,3,26811,Basic Electronics,Basic Electronics.pdf,101.4,automobile-technology.zip
Automobile Technology,3,28511,Computer Office Application,Computer Office Application.pdf,114.3,automobile-technology.zip
Automobile Technology,3,27012,Machine Shop Practice I,Machine Shop Practice I.pdf,111.4,automobile-technology.zip
Automobile Technology,3,25931,Mathematics-III,Mathematics-III.pdf,80.8,automobile-technology.zip
Automobile Technology,3,25811,Social Science,Social Science.pdf,149.7,automobile-technology.zip
Automobile Technology,4,25841,Accounting,Accounting.pdf,67.1,automobile-technology.zip
Automobile Technology,4,27041,Engineering Mechanics,Engineering Mechanics.pdf,72.7,automobile-technology.zip
Automobile Technology,4,29041,Environmental Studies,Environmental Studies.pdf,139.7,automobile-technology.zip
Automobile Technology,4,27043,Metallurgy,Metallurgy.pdf,81.6,automobile-technology.zip
Automobile Technology,5,27053,Advanced Welding-I,Advanced Welding-I.pdf,182.0,automobile-technology.zip
Automobile Technology,5,27051,Fluid Mechanics & Machineries,Fluid Mechanics & Machineries.pdf,138.6,automobile-technology.zip
Automobile Technology,5,25852,Industrial Management,Industrial Management.pdf,103.8,automobile-technology.zip
Automobile Technology,5,27052,Mechanical Estimating & Costing,Mechanical Estimating & Costing.pdf,95.9,automobile-technology.zip
Automobile Technology,6,25831,Business Communication,Business Communication.pdf,60.6,automobile-technology.zip
Automobile Technology,6,27054,Foundry & Pattern Making,Foundry & Pattern Making.pdf,139.1,automobile-technology.zip
Automobile Technology,6,27062,Mechanical Measurement &,Mechanical Measurement &.pdf,105.9,automobile-technology.zip
Automobile Technology,6,25851,Principles of Marketing,Principles of Marketing.pdf,91.8,automobile-technology.zip
Automobile Technology,6,27061,Strength of Materials,Strength of Materials.pdf,101.3,automobile-technology.zip
Automobile Technology,7,25853,Innovation & Entrepreneurship,Innovation & Entrepreneurship.pdf,118.6,automobile-technology.zip
Automobile Technology,7,29231,Mechatronics & PLC,Mechatronics & PLC.pdf,156.5,automobile-technology.zip
"Cadastral,Topographic Survey & Land Information Technology",1,25711,Bangla-I,Bangla-I.pdf,110.2,cadastral-topographic-survey-land-information-technology.zip
"Cadastral,Topographic Survey & Land Information Technology",1,26711,Basic Electricity,Basic Electricity.pdf,102.0,cadastral-topographic-survey-land-information-technology.zip
"Cadastral,Topographic Survey & Land Information Technology",1,21011,Engineering Drawing,Engineering Drawing.pdf,68.0,cadastral-topographic-survey-land-information-technology.zip
"Cadastral,Topographic Survey & Land Information Technology",1,25712,English-I,English-I.pdf,242.2,cadastral-topographic-survey-land-information-technology.zip
"Cadastral,Topographic Survey & Land Information Technology",1,25911,Mathematics-I,Mathematics-I.pdf,107.4,cadastral-topographic-survey-land-information-technology.zip
"Cadastral,Topographic Survey & Land Information Technology",1,25912,Physics-I,Physics-I.pdf,110.1,cadastral-topographic-survey-land-information-technology.zip
"Cadastral,Topographic Survey & Land Information Technology",1,25811,Social Science,Social Science.pdf,149.7,cadastral-topographic-survey-land-information-technology.zip
"Cadastral,Topographic Survey & Land Information Technology",2,25721,Bangla-II,Bangla-II.pdf,163.4,cadastral-topographic-survey-land-information-technology.zip
"Cadastral,Topographic Survey & Land Information Technology",2,26811,Basic Electronics,Basic Electronics.pdf,101.4,cadastral-topographic-survey-land-information-technology.zip
"Cadastral,Topographic Survey & Land Information Technology",2,28511,Computer Office Application,Computer Office Application.pdf,114.3,cadastral-topographic-survey-land-information-technology.zip
"Cadastral,Topographic Survey & Land Information Technology",2,25722,English -II,English -II.pdf,160.1,cadastral-topographic-survey-land-information-technology.zip
"Cadastral,Topographic Survey & Land Information Technology",2,25921,Mathematics-II,Mathematics-II.pdf,87.5,cadastral-topographic-survey-land-information-technology.zip
"Cadastral,Topographic Survey & Land Information Technology",2,25812,Physical Education & Life,Physical Education & Life.pdf,68.0,cadastral-topographic-survey-land-information-technology.zip
"Cadastral,Topographic Survey & Land Information Technology",2,25922,Physics -II,Physics -II.pdf,133.4,cadastral-topographic-survey-land-information-technology.zip
"Cadastral,Topographic Survey & Land Information Technology",3,25913,Chemestry,Chemestry.pdf,143.9,cadastral-topographic-survey-land-information-technology.zip
"Cadastral,Topographic Survey & Land Information Technology",3,25931,Mathematics-III,Mathematics-III.pdf,80.8,cadastral-topographic-survey-land-information-technology.zip
"Cadastral,Topographic Survey & Land Information Technology",4,25831,Business Communication,Business Communication.pdf,60.6,cadastral-topographic-survey-land-information-technology.zip
"Cadastral,Topographic Survey & Land Information Technology",4,26431,Structural Mechanics,Structural Mechanics.pdf,138.2,cadastral-topographic-survey-land-information-technology.zip
"Cadastral,Topographic Survey & Land Information Technology",5,25841,Accounting,Accounting.pdf,67.1,cadastral-topographic-survey-land-information-technology.zip
"Cadastral,Topographic Survey & Land Information Technology",5,29041,Environmental Studies,Environmental Studies.pdf,139.7,cadastral-topographic-survey-land-information-technology.zip
"Cadastral,Topographic Survey & Land Information Technology",6,25851,Industrial Management,Industrial Management.pdf,91.8,cadastral-topographic-survey-land-information-technology.zip
"Cadastral,Topographic Survey & Land Information Technology",7,25853,Principle of marketing,Principle of marketing.pdf,118.6,cadastral-topographic-survey-land-information-technology.zip
Ceramic Technology,1,25711,Bangla-I,Bangla-I.pdf,110.2,ceramic-technology.zip
Ceramic Technology,1,26711,Basic Electricity,Basic Electricity.pdf,102.0,ceramic-technology.zip
Ceramic Technology,1,25913,Chemesitry,Chemesitry.pdf,143.9,ceramic-technology.zip
Ceramic Technology,1,21011,Engineering Drawing,Engineering Drawing.pdf,68.0,ceramic-technology.zip
Ceramic Technology,1,25712,English-I,English-I.pdf,242.2,ceramic-technology.zip
Ceramic Technology,1,25911,Mathematics -I,Mathematics -I.pdf,107.4,ceramic-technology.zip
Ceramic Technology,1,25812,Physical Education & Life skill Development,Physical Education & Life skill Development.pdf,68.0,ceramic-technology.zip
Ceramic Technology,2,25721,Bangla -II,Bangla -II.pdf,163.4,ceramic-technology.zip
Ceramic Technology,2,26811,Basic Electronics,Basic Electronics.pdf,101.4,ceramic-technology.zip
Ceramic Technology,2,27011,Basic Workshop Practice,Basic Workshop Practice.pdf,106.9,ceramic-technology.zip
Ceramic Technology,2,25722,English-II,English-II.pdf,160.1,ceramic-technology.zip
Ceramic Technology,2,25921,Mathematics-II,Mathematics-II.pdf,87.5,ceramic-technology.zip
Ceramic Technology,2,25912,Physics -I,Physics -I.pdf,110.1,ceramic-technology.zip
Ceramic Technology,3,25831,Business Communication,Business Communication.pdf,60.6,ceramic-technology.zip
Ceramic Technology,3,25931,Mathematics-III,Mathematics-III.pdf,80.8,ceramic-technology.zip
Ceramic Technology,3,25922,Physics-II,Physics-II.pdf,133.4,ceramic-technology.zip
Ceramic Technology,4,25841,Accounting,Accounting.pdf,67.1,ceramic-technology.zip
Ceramic Technology,4,25811,Social Science,Social Science.pdf,149.7,ceramic-technology.zip
Ceramic Technology,5,25852,Industrial Management,Industrial Management.pdf,103.8,ceramic-technology.zip
Ceramic Technology,6,29041,Environmental Studies,Environmental Studies.pdf,139.7,ceramic-technology.zip
Ceramic Technology,7,25853,Innovation & Entrepreneurship,Innovation & Entrepreneurship.pdf,118.6,ceramic-technology.zip
Ceramic Technology,7,25851,Principle of Marketing,Principle of Marketing.pdf,91.8,ceramic-technology.zip
Chemical Technology,1,25711,Bangla-I,Bangla-I.pdf,110.2,chemical-technology.zip
Chemical Technology,1,25913,Chemistry,Chemistry.pdf,143.9,chemical-technology.zip
Chemical Technology,1,21011,Engineering Drawing,Engineering Drawing.pdf,68.0,chemical-technology.zip
Chemical Technology,1,25712,English-I,English-I.pdf,242.2,chemical-technology.zip
Chemical Technology,1,25911,Mathematics -I,Mathematics -I.pdf,107.4,chemical-technology.zip
Chemical Technology,1,25812,Physical Education & Life skill Development,Physical Education & Life skill Development.pdf,68.0,chemical-technology.zip
Chemical Technology,2,25721,Bangla -II,Bangla -II.pdf,163.4,chemical-technology.zip
Chemical Technology,2,26811,Basic Electronics,Basic Electronics.pdf,101.4,chemical-technology.zip
Chemical Technology,2,27011,Basic Workshop Practice,Basic Workshop Practice.pdf,106.9,chemical-technology.zip
Chemical Technology,2,25722,English-II,English-II.pdf,160.1,chemical-technology.zip
Chemical Technology,2,25921,Mathematics-II,Mathematics-II.pdf,87.5,chemical-technology.zip
Chemical Technology,2,25912,Physics -I,Physics -I.pdf,110.1,chemical-technology.zip
Chemical Technology,3,26711,Basic Electricity,Basic Electricity.pdf,102.0,chemical-technology.zip
Chemical Technology,3,25931,Mathematics-III,Mathematics-III.pdf,80.8,chemical-technology.zip
Chemical Technology,3,25922,Physics-II,Physics-II.pdf,133.4,chemical-technology.zip
Chemical Technology,3,25811,Social Science,Social Science.pdf,149.7,chemical-technology.zip
Chemical Technology,4,25841,Accounting,Accounting.pdf,67.1,chemical-technology.zip
Chemical Technology,4,25831,Businees Communication,Businees Communication.pdf,60.6,chemical-technology.zip
Chemical Technology,4,28511,Computer Office Application,Computer Office Application.pdf,114.3,chemical-technology.zip
Chemical Technology,4,27041,Engineering Mechanics,Engineering Mechanics.pdf,72.7,chemical-technology.zip
Chemical Technology,5,25852,Industrial Management,Industrial Management.pdf,103.8,chemical-technology.zip
Chemical Technology,6,25851,Princple of Marketing,Princple of Marketing.pdf,91.8,chemical-technology.zip
Chemical Technology,7,29041,Environmental Studies,Environmental Studies.pdf,139.7,chemical-technology.zip
Chemical Technology,7,25853,Innovation & Entrepreneurship,Innovation & Entrepreneurship.pdf,118.6,chemical-technology.zip
Civil Technology,1,25711,Bangla-I,Bangla-I.pdf,110.2,civil-technology.zip
Civil Technology,1,26711,Basic Electricity,Basic Electricity.pdf,102.0,civil-technology.zip
Civil Technology,1,25913,Chemistry,Chemistry.pdf,143.9,civil-technology.zip
Civil Technology,1,21011,Engineering Drawing,Engineering Drawing.pdf,68.0,civil-technology.zip
Civil Technology,1,25712,English-I,English-I.pdf,242.2,civil-technology.zip
Civil Technology,1,25911,Mathematics -I,Mathematics -I.pdf,107.4,civil-technology.zip
Civil Technology,1,25811,Social Science,Social Science.pdf,149.7,civil-technology.zip
Civil Technology,2,25721,Bangla -II,Bangla -II.pdf,163.4,civil-technology.zip
Civil Technology,2,26811,Basic Electronics,Basic Electronics.pdf,101.4,civil-technology.zip
Civil Technology,2,27011,Basic Workshop Practice,Basic Workshop Practice.pdf,106.9,civil-technology.zip
Civil Technology,2,26421,Civil Engineering Drawing,Civil Engineering Drawing.pdf,50.4,civil-technology.zip
Civil Technology,2,25722,English-II,English-II.pdf,160.1,civil-technology.zip
Civil Technology,2,25921,Mathematics-II,Mathematics-II.pdf,87.5,civil-technology.zip
Civil Technology,2,25812,Physical Education & Life Skills Development,Physical Education & Life Skills Development.pdf,68.0,civil-technology.zip
Civil Technology,2,25912,Physics -I,Physics -I.pdf,110.1,civil-technology.zip
Civil Technology,3,25831,Business Communication,Business Communication.pdf,60.6,civil-technology.zip
Civil Technology,3,28511,Computer Office Application,Computer Office Application.pdf,114.3,civil-technology.zip
Civil Technology,3,25931,Mathematics-III,Mathematics-III.pdf,80.8,civil-technology.zip
Civil Technology,3,25922,Physics-II,Physics-II.pdf,133.4,civil-technology.zip
Civil Technology,3,26431,Structural Mechanics,Structural Mechanics.pdf,138.2,civil-technology.zip
Civil Technology,4,25841,Accounting,Accounting.pdf,67.1,civil-technology.zip
Civil Technology,4,26443,Civil CAD-I,Civil CAD-I.pdf,61.9,civil-technology.zip
Civil Technology,4,26441,Construction Process-II,Construction Process-II.pdf,141.0,civil-technology.zip
Civil Technology,4,26442,Estimating & Costing-I,Estimating & Costing-I.pdf,63.3,civil-technology.zip
Civil Technology,4,26445,Geotechnical Engineering,Geotechnical Engineering.pdf,62.8,civil-technology.zip
Civil Technology,4,26444,Surveying-II,Surveying-II.pdf,75.6,civil-technology.zip
Civil Technology,4,26521,Wood Workshop Practice,Wood Workshop Practice.pdf,81.8,civil-technology.zip
Civil Technology,5,25852,Industrial Management,Industrial Management.pdf,103.8,civil-technology.zip
Civil Technology,6,26462,Advance Surveying,Advance Surveying.pdf,59.8,civil-technology.zip
Civil Technology,6,28861,Advanced Construction,Advanced Construction.pdf,69.4,civil-technology.zip
Civil Technology,6,26464,Design of Structure-I,Design of Structure-I.pdf,104.8,civil-technology.zip
Civil Technology,6,29041,Environmental Studies,Environmental Studies.pdf,139.7,civil-technology.zip
Civil Technology,6,28863,Steel Structures,Steel Structures.pdf,41.1,civil-technology.zip
Civil Technology,6,26463,Transportation Engineering-I,Transportation Engineering-I.pdf,125.4,civil-technology.zip
Civil Technology,6,26461,Water Resources Engineering,Water Resources Engineering.pdf,117.5,civil-technology.zip
Civil Technology,7,28871,Construction Management &,Construction Management &.pdf,92.0,civil-technology.zip
Civil Technology,7,26474,Design of Structure-II,Design of Structure-II.pdf,114.9,civil-technology.zip
Civil Technology,7,26475,Estimating & Costing-II,Estimating & Costing-II.pdf,202.3,civil-technology.zip
Civil Technology,7,25853,Innovation & Entrepreneurship,Innovation & Entrepreneurship.pdf,118.6,civil-technology.zip
Civil Technology,7,25851,Principle of Marketing,Principle of Marketing.pdf,91.8,civil-technology.zip
Civil Technology,7,26472,Sanitary Engineering,Sanitary Engineering.pdf,122.2,civil-technology.zip
Civil Technology,7,26473,Transportation Engineering-II,Transportation Engineering-II.pdf,119.4,civil-technology.zip
Civil(Wood) Technology,1,25711,Bangla-I,Bangla-I.pdf,110.2,civil-wood-technology.zip
Civil(Wood) Technology,1,26711,Basic Electricity,Basic Electricity.pdf,102.0,civil-wood-technology.zip
Civil(Wood) Technology,1,25913,Chemistry,Chemistry.pdf,143.9,civil-wood-technology.zip
Civil(Wood) Technology,1,21011,Engineering Drawing,Engineering Drawing.pdf,68.0,civil-wood-technology.zip
Civil(Wood) Technology,1,25712,English-I,English-I.pdf,242.2,civil-wood-technology.zip
Civil(Wood) Technology,1,25911,Mathematics -I,Mathematics -I.pdf,107.4,civil-wood-technology.zip
Civil(Wood) Technology,1,25811,Social Science,Social Science.pdf,149.7,civil-wood-technology.zip
Civil(Wood) Technology,2,25721,Bangla -II,Bangla -II.pdf,163.4,civil-wood-technology.zip
Civil(Wood) Technology,2,26811,Basic Electronics,Basic Electronics.pdf,101.4,civil-wood-technology.zip
Civil(Wood) Technology,2,26421,Civil Engineering Drawing,Civil Engineering Drawing.pdf,50.4,civil-wood-technology.zip
Civil(Wood) Technology,2,25722,English-II,English-II.pdf,160.1,civil-wood-technology.zip
Civil(Wood) Technology,2,25921,Mathematics-II,Mathematics-II.pdf,87.5,civil-wood-technology.zip
Civil(Wood) Technology,2,25812,Physical Education & Life skills Development,Physical Education & Life skills Development.pdf,68.0,civil-wood-technology.zip
Civil(Wood) Technology,2,25912,Physics -I,Physics -I.pdf,110.1,civil-wood-technology.zip
Civil(Wood) Technology,2,26521,Wood Workshop Practice,Wood Workshop Practice.pdf,81.8,civil-wood-technology.zip
Civil(Wood) Technology,3,25831,Business Communication,Business Communication.pdf,60.6,civil-wood-technology.zip
Civil(Wood) Technology,3,28511,Computer Office Application,Computer Office Application.pdf,114.3,civil-wood-technology.zip
Civil(Wood) Technology,3,25931,Mathematics-III,Mathematics-III.pdf,80.8,civil-wood-technology.zip
Civil(Wood) Technology,3,25922,Physics-II,Physics-II.pdf,133.4,civil-wood-technology.zip
Civil(Wood) Technology,3,26431,Structural Mechanics,Structural Mechanics.pdf,138.2,civil-wood-technology.zip
Civil(Wood) Technology,4,25841,Accounting,Accounting.pdf,67.1,civil-wood-technology.zip
Civil(Wood) Technology,4,27011,Basic Workshop Practice,Basic Workshop Practice.pdf,106.9,civil-wood-technology.zip
Civil(Wood) Technology,4,26443,Civil CAD-I,Civil CAD-I.pdf,61.9,civil-wood-technology.zip
Civil(Wood) Technology,4,26441,Construction Process-II,Construction Process-II.pdf,141.0,civil-wood-technology.zip
Civil(Wood) Technology,4,26442,Estimating & Costing-I,Estimating & Costing-I.pdf,63.3,civil-wood-technology.zip
Civil(Wood) Technology,4,26445,Geotechnical Engineering,Geotechnical Engineering.pdf,62.8,civil-wood-technology.zip
Civil(Wood) Technology,4,26444,Surveying-II,Surveying-II.pdf,75.6,civil-wood-technology.zip
Civil(Wood) Technology,5,25852,Industrial Management,Industrial Management.pdf,103.8,civil-wood-technology.zip
Civil(Wood) Technology,6,26464,Design of Structure-I,Design of Structure-I.pdf,104.8,civil-wood-technology.zip
Civil(Wood) Technology,6,29041,Environmental Studies,Environmental Studies.pdf,139.7,civil-wood-technology.zip
Civil(Wood) Technology,6,26463,Transportation Engineering-I,Transportation Engineering-I.pdf,125.4,civil-wood-technology.zip
Civil(Wood) Technology,7,26474,Design of Structure-II,Design of Structure-II.pdf,114.9,civil-wood-technology.zip
Civil(Wood) Technology,7,26475,Estimating & Costing-II,Estimating & Costing-II.pdf,202.3,civil-wood-technology.zip
Civil(Wood) Technology,7,25853,Innovation & Entrepreneurship,Innovation & Entrepreneurship.pdf,118.6,civil-wood-technology.zip
Civil(Wood) Technology,7,25851,Principles of Marketing,Principles of Marketing.pdf,91.8,civil-wood-technology.zip
Civil(Wood) Technology,7,26472,Sanitary Engineering,Sanitary Engineering.pdf,122.2,civil-wood-technology.zip
Civil(Wood) Technology,7,26473,Transportation Engineering-II,Transportation Engineering-II.pdf,119.4,civil-wood-technology.zip
Computer Science & Technology,1,25711,Bangla-I,Bangla-I.pdf,110.2,computer-science-technology.zip
Computer Science & Technology,1,26711,Basic Electricity,Basic Electricity.pdf,102.0,computer-science-technology.zip
Computer Science & Technology,1,28511,Computer Office Application,Computer Office Application.pdf,114.3,computer-science-technology.zip
Computer Science & Technology,1,21011,Engineering Drawing,Engineering Drawing.pdf,68.0,computer-science-technology.zip
Computer Science & Technology,1,25712,English-I,English-I.pdf,242.2,computer-science-technology.zip
Computer Science & Technology,1,25911,Mathematics -I,Mathematics -I.pdf,107.4,computer-science-technology.zip
Computer Science & Technology,1,25912,Physics -I,Physics -I.pdf,110.1,computer-science-technology.zip
Computer Science & Technology,2,25721,Bangla -II,Bangla -II.pdf,163.4,computer-science-technology.zip
Computer Science & Technology,2,26811,Basic Electronics,Basic Electronics.pdf,101.4,computer-science-technology.zip
Computer Science & Technology,2,25913,Chemistry,Chemistry.pdf,143.9,computer-science-technology.zip
Computer Science & Technology,2,28522,Computer Graphics Design-I,Computer Graphics Design-I.pdf,70.2,computer-science-technology.zip
Computer Science & Technology,2,25722,English-II,English-II.pdf,160.1,computer-science-technology.zip
Computer Science & Technology,2,25921,Mathematics-II,Mathematics-II.pdf,87.5,computer-science-technology.zip
Computer Science & Technology,2,25812,Physical Education & Life skills Development,Physical Education & Life skills Development.pdf,68.0,computer-science-technology.zip
Computer Science & Technology,2,28521,Python Programming,Python Programming.pdf,60.2,computer-science-technology.zip
Computer Science & Technology,3,28531,Application Development Using Python,Application Development Using Python.pdf,78.1,computer-science-technology.zip
Computer Science & Technology,3,28532,Computer Graphics Design-II,Computer Graphics Design-II.pdf,50.2,computer-science-technology.zip
Computer Science & Technology,3,26831,Digital Electronics-I,Digital Electronics-I.pdf,76.4,computer-science-technology.zip
Computer Science & Technology,3,25931,Mathematics-III,Mathematics-III.pdf,80.8,computer-science-technology.zip
Computer Science & Technology,3,25922,Physics -II,Physics -II.pdf,133.4,computer-science-technology.zip
Computer Science & Technology,3,25811,Social Science,Social Science.pdf,149.7,computer-science-technology.zip
Computer Science & Technology,4,25831,Business Communication,Business Communication.pdf,60.6,computer-science-technology.zip
Computer Science & Technology,4,28543,Computer Peripherals & Interfacing,Computer Peripherals & Interfacing.pdf,63.6,computer-science-technology.zip
Computer Science & Technology,4,28542,Data Structure & Algorithm,Data Structure & Algorithm.pdf,70.9,computer-science-technology.zip
Computer Science & Technology,4,26841,Digital Electronics-II,Digital Electronics-II.pdf,68.4,computer-science-technology.zip
Computer Science & Technology,4,29041,Environmental Studies,Environmental Studies.pdf,139.7,computer-science-technology.zip
Computer Science & Technology,4,28541,Java Programming,Java Programming.pdf,74.4,computer-science-technology.zip
Computer Science & Technology,4,28544,Web Design & Development-I,Web Design & Development-I.pdf,38.6,computer-science-technology.zip
Computer Science & Technology,5,25841,Accounting,Accounting.pdf,67.1,computer-science-technology.zip
Computer Science & Technology,5,28551,Application Development Using Java,Application Development Using Java.pdf,86.8,computer-science-technology.zip
Computer Science & Technology,5,28553,Computer Architecture & Microprocessor,Computer Architecture & Microprocessor.pdf,105.6,computer-science-technology.zip
Computer Science & Technology,5,28554,Data Communication,Data Communication.pdf,127.1,computer-science-technology.zip
Computer Science & Technology,5,28555,Operating System,Operating System.pdf,150.4,computer-science-technology.zip
Computer Science & Technology,5,28556,Project Work-I,Project Work-I.pdf,44.1,computer-science-technology.zip
Computer Science & Technology,5,28552,Web Design & Development-II,Web Design & Development-II.pdf,75.3,computer-science-technology.zip
Computer Science & Technology,6,28562,Computer Networking,Computer Networking.pdf,92.2,computer-science-technology.zip
Computer Science & Technology,6,28561,Database Management System,Database Management System.pdf,101.5,computer-science-technology.zip
Computer Science & Technology,6,25852,Industrial Management,Industrial Management.pdf,103.8,computer-science-technology.zip
Computer Science & Technology,6,28564,Microcontroller Based System Design & Development,Microcontroller Based System Design & Development.pdf,113.9,computer-science-technology.zip
Computer Science & Technology,6,25851,Principles of Marketing,Principles of Marketing.pdf,91.8,computer-science-technology.zip
Computer Science & Technology,6,28563,Sensor & IoT System,Sensor & IoT System.pdf,92.2,computer-science-technology.zip
Computer Science & Technology,6,28565,Surveillance Security System,Surveillance Security System.pdf,84.4,computer-science-technology.zip
Computer Science & Technology,6,28566,Web Development Project,Web Development Project.pdf,173.7,computer-science-technology.zip
Computer Science & Technology,7,28574,Apps Development Project,Apps Development Project.pdf,172.5,computer-science-technology.zip
Computer Science & Technology,7,28573,Cyber Security & Ethics,Cyber Security & Ethics.pdf,71.8,computer-science-technology.zip
Computer Science & Technology,7,28571,Digital Marketing Technique,Digital Marketing Technique.pdf,117.5,computer-science-technology.zip
Computer Science & Technology,7,25853,Innovation & Entrepreneurship,Innovation & Entrepreneurship.pdf,118.6,computer-science-technology.zip
Computer Science & Technology,7,28575,Multimedia & Animation,Multimedia & Animation.pdf,135.5,computer-science-technology.zip
Computer Science & Technology,7,28572,Network Administration & Services,Network Administration & Services.pdf,110.2,computer-science-technology.zip
Construction Technology,1,25711,Bangla-I,Bangla-I.pdf,110.2,construction-technology.zip
Construction Technology,1,26711,Basic Electricity,Basic Electricity.pdf,102.0,construction-technology.zip
Construction Technology,1,25913,Chemistry,Chemistry.pdf,143.9,construction-technology.zip
Construction Technology,1,21011,Engineering Drawing,Engineering Drawing.pdf,68.0,construction-technology.zip
Construction Technology,1,25712,English-I,English-I.pdf,242.2,construction-technology.zip
Construction Technology,1,25911,Mathematics -I,Mathematics -I.pdf,107.4,construction-technology.zip
Construction Technology,1,25811,Social Science,Social Science.pdf,149.7,construction-technology.zip
Construction Technology,2,25721,Bangla -II,Bangla -II.pdf,163.4,construction-technology.zip
Construction Technology,2,26811,Basic Electronics,Basic Electronics.pdf,101.4,construction-technology.zip
Construction Technology,2,27011,Basic Workshop Practice,Basic Workshop Practice.pdf,106.9,construction-technology.zip
Construction Technology,2,26421,Civil Engineering Drawing,Civil Engineering Drawing.pdf,50.4,construction-technology.zip
Construction Technology,2,25722,English-II,English-II.pdf,160.1,construction-technology.zip
Construction Technology,2,25921,Mathematics-II,Mathematics-II.pdf,87.5,construction-technology.zip
Construction Technology,2,25812,Physical Education & Life Skills Development,Physical Education & Life Skills Development.pdf,68.0,construction-technology.zip
Construction Technology,2,25912,Physics -I,Physics -I.pdf,110.1,construction-technology.zip
Construction Technology,3,25831,Business Communication,Business Communication.pdf,60.6,construction-technology.zip
Construction Technology,3,28511,Computer Office Application,Computer Office Application.pdf,114.3,construction-technology.zip
Construction Technology,3,25931,Mathematics-III,Mathematics-III.pdf,80.8,construction-technology.zip
Construction Technology,3,25922,Physics-II,Physics-II.pdf,133.4,construction-technology.zip
Construction Technology,3,26431,Structural Mechanics,Structural Mechanics.pdf,138.2,construction-technology.zip
Construction Technology,4,25841,Accounting,Accounting.pdf,67.1,construction-technology.zip
Construction Technology,4,26443,Civil CAD-I,Civil CAD-I.pdf,61.9,construction-technology.zip
Construction Technology,4,26442,Estimating & Costing-I,Estimating & Costing-I.pdf,63.3,construction-technology.zip
Construction Technology,4,26445,Geotechnical Engineering,Geotechnical Engineering.pdf,62.8,construction-technology.zip
Construction Technology,4,26444,Surveying-II,Surveying-II.pdf,75.6,construction-technology.zip
Construction Technology,5,29041,Environmental Studies,Environmental Studies.pdf,139.7,construction-technology.zip
Construction Technology,5,25852,Industrial Management,Industrial Management.pdf,103.8,construction-technology.zip
Construction Technology,6,28861,Advanced Construction,Advanced Construction.pdf,69.4,construction-technology.zip
Construction Technology,6,26464,Design of Structure-I,Design of Structure-I.pdf,104.8,construction-technology.zip
Construction Technology,6,28863,Steel Structures,Steel Structures.pdf,41.1,construction-technology.zip
Construction Technology,6,26463,Transportation Engineering-I,Transportation Engineering-I.pdf,125.4,construction-technology.zip
Construction Technology,6,26461,Water Resources Engineering,Water Resources Engineering.pdf,117.5,construction-technology.zip
Construction Technology,7,28871,Construction Management & Documentation,Construction Management & Documentation.pdf,92.0,construction-technology.zip
Construction Technology,7,26474,Design of Structure-II,Design of Structure-II.pdf,114.9,construction-technology.zip
Construction Technology,7,26475,Estimating & Costing-II,Estimating & Costing-II.pdf,202.3,construction-technology.zip
Construction Technology,7,25853,Innovation & Entrepreneurship,Innovation & Entrepreneurship.pdf,118.6,construction-technology.zip
Construction Technology,7,25851,Principles of Marketing,Principles of Marketing.pdf,91.8,construction-technology.zip
Construction Technology,7,26472,Sanitary Engineering,Sanitary Engineering.pdf,122.2,construction-technology.zip
Construction Technology,7,26473,Transportation Engineering-II,Transportation Engineering-II.pdf,119.4,construction-technology.zip
Electrical Technology,1,25711,Bangla-I,Bangla-I.pdf,110.2,electrical-technology.zip
Electrical Technology,1,26711,Basic Electricity,Basic Electricity.pdf,102.0,electrical-technology.zip
Electrical Technology,1,21011,Engineering Drawing,Engineering Drawing.pdf,68.0,electrical-technology.zip
Electrical Technology,1,25712,English-I,English-I.pdf,242.2,electrical-technology.zip
Electrical Technology,1,25911,Mathematics -I,Mathematics -I.pdf,107.4,electrical-technology.zip
Electrical Technology,1,25812,Physical Education & Life skill Development,Physical Education & Life skill Development.pdf,68.0,electrical-technology.zip
Electrical Technology,1,25912,Physics-I,Physics-I.pdf,110.1,electrical-technology.zip
Electrical Technology,2,25721,Bangla -II,Bangla -II.pdf,163.4,electrical-technology.zip
Electrical Technology,2,26811,Basic Electronics,Basic Electronics.pdf,101.4,electrical-technology.zip
Electrical Technology,2,26721,Electrical Circuits-I,Electrical Circuits-I.pdf,89.7,electrical-technology.zip
Electrical Technology,2,26722,Electrical Engineering Drawing,Electrical Engineering Drawing.pdf,90.2,electrical-technology.zip
Electrical Technology,2,25722,English-II,English-II.pdf,160.1,electrical-technology.zip
Electrical Technology,2,25921,Mathematics-II,Mathematics-II.pdf,87.5,electrical-technology.zip
Electrical Technology,2,25922,Physics -II,Physics -II.pdf,133.4,electrical-technology.zip
Electrical Technology,3,25913,Chemistry,Chemistry.pdf,143.9,electrical-technology.zip
Electrical Technology,3,28511,Computer Office Applications,Computer Office Applications.pdf,114.3,electrical-technology.zip
Electrical Technology,3,26732,Electrical Appliances,Electrical Appliances.pdf,67.9,electrical-technology.zip
Electrical Technology,3,25931,Mathematics-III,Mathematics-III.pdf,80.8,electrical-technology.zip
Electrical Technology,4,25841,Accounting,Accounting.pdf,67.1,electrical-technology.zip
Electrical Technology,4,27044,Applied Mechanics,Applied Mechanics.pdf,78.1,electrical-technology.zip
Electrical Technology,4,26742,DC Machine,DC Machine.pdf,63.8,electrical-technology.zip
Electrical Technology,4,26845,Digital Electronics,Digital Electronics.pdf,58.8,electrical-technology.zip
Electrical Technology,4,26743,Electrical Engineering Project-I,Electrical Engineering Project-I.pdf,39.1,electrical-technology.zip
Electrical Technology,4,26741,"Electrical Installation,Planning and Estimating","Electrical Installation,Planning and Estimating.pdf",130.6,electrical-technology.zip
Electrical Technology,4,25811,Social Science,Social Science.pdf,149.7,electrical-technology.zip
Electrical Technology,5,25852,Industrial Management,Industrial Management.pdf,103.8,electrical-technology.zip
Electrical Technology,5,26753,Measurements-I Testing and Maintannance of Electrical Equipments,Measurements-I Testing and Maintannance of Electrical Equipments.pdf,98.3,electrical-technology.zip
Electrical Technology,5,25851,Principle of Marketing,Principle of Marketing.pdf,91.8,electrical-technology.zip
Electrical Technology,6,26761,AC Machine-I,AC Machine-I.pdf,118.3,electrical-technology.zip
Electrical Technology,6,26842,Communication Engineering,Communication Engineering.pdf,118.6,electrical-technology.zip
Electrical Technology,6,26763,Electrical Power-I Electrical & Electronic Measurements-II,Electrical Power-I Electrical & Electronic Measurements-II.pdf,69.1,electrical-technology.zip
Electrical Technology,6,29041,Environmental Studies,Environmental Studies.pdf,139.7,electrical-technology.zip
Electrical Technology,6,28567,Progamming in C,Progamming in C.pdf,143.8,electrical-technology.zip
Electrical Technology,6,26762,Transmission and Distribution of,Transmission and Distribution of.pdf,158.6,electrical-technology.zip
Electrical Technology,7,26771,AC Machine-II,AC Machine-II.pdf,112.2,electrical-technology.zip
Electrical Technology,7,26875,Automation Engineering & PLC,Automation Engineering & PLC.pdf,110.3,electrical-technology.zip
Electrical Technology,7,25831,Business Communication,Business Communication.pdf,60.6,electrical-technology.zip
Electrical Technology,7,25853,Innovation & Entrepreneurship,Innovation & Entrepreneurship.pdf,118.6,electrical-technology.zip
Electrical Technology,7,26773,Switch Gear and Protection,Switch Gear and Protection.pdf,132.7,electrical-technology.zip
Electrical Technology,7,26772,Transmission and Distribution of Electrical Power-II,Transmission and Distribution of Electrical Power-II.pdf,113.5,electrical-technology.zip
Electromedical Technology,1,25711,Bangla-I,Bangla-I.pdf,110.2,electromedical-technology.zip
Electromedical Technology,1,26711,Basic Electricity,Basic Electricity.pdf,102.0,electromedical-technology.zip
Electromedical Technology,1,21011,Engineering Drawing,Engineering Drawing.pdf,68.0,electromedical-technology.zip
Electromedical Technology,1,25712,English-I,English-I.pdf,242.2,electromedical-technology.zip
Electromedical Technology,1,25911,Mathematics -I,Mathematics -I.pdf,107.4,electromedical-technology.zip
Electromedical Technology,1,25812,Physical Education & Life skills Development,Physical Education & Life skills Development.pdf,68.0,electromedical-technology.zip
Electromedical Technology,1,25912,Physics-I,Physics-I.pdf,110.1,electromedical-technology.zip
Electromedical Technology,2,25721,Bangla -II,Bangla -II.pdf,163.4,electromedical-technology.zip
Electromedical Technology,2,26811,Basic Electronics,Basic Electronics.pdf,101.4,electromedical-technology.zip
Electromedical Technology,2,26721,Electrical Circuits-I,Electrical Circuits-I.pdf,89.7,electromedical-technology.zip
Electromedical Technology,2,25722,English-II,English-II.pdf,160.1,electromedical-technology.zip
Electromedical Technology,2,25921,Mathematics-II,Mathematics-II.pdf,87.5,electromedical-technology.zip
Electromedical Technology,2,25922,Physics -II,Physics -II.pdf,133.4,electromedical-technology.zip
Electromedical Technology,3,25913,Chemistry,Chemistry.pdf,143.9,electromedical-technology.zip
Electromedical Technology,3,28511,Computer Office Application,Computer Office Application.pdf,114.3,electromedical-technology.zip
Electromedical Technology,3,25931,Mathematics-III,Mathematics-III.pdf,80.8,electromedical-technology.zip
Electromedical Technology,3,25811,Social Science,Social Science.pdf,149.7,electromedical-technology.zip
Electromedical Technology,4,25841,Accounting,Accounting.pdf,67.1,electromedical-technology.zip
Electromedical Technology,4,26742,DC Machine,DC Machine.pdf,63.8,electromedical-technology.zip
Electromedical Technology,4,26845,Digital Electronics,Digital Electronics.pdf,58.8,electromedical-technology.zip
Electromedical Technology,4,26741,"Electrical Installation,Planning and Estimating","Electrical Installation,Planning and Estimating.pdf",130.6,electromedical-technology.zip
Electromedical Technology,5,26761,AC Machine-I,AC Machine-I.pdf,118.3,electromedical-technology.zip
Electromedical Technology,5,26763,Electrical & Electronic Measurements-II,Electrical & Electronic Measurements-II.pdf,69.1,electromedical-technology.zip
Electromedical Technology,5,25852,Industrial Management,Industrial Management.pdf,103.8,electromedical-technology.zip
Electromedical Technology,5,25851,Principle of Marketing,Principle of Marketing.pdf,91.8,electromedical-technology.zip
Electromedical Technology,5,28567,Programming in C,Programming in C.pdf,143.8,electromedical-technology.zip
Electromedical Technology,6,26771,AC Machine-II,AC Machine-II.pdf,112.2,electromedical-technology.zip
Electromedical Technology,6,29041,Environmental Studies,Environmental Studies.pdf,139.7,electromedical-technology.zip
Electromedical Technology,7,25831,Business Communication,Business Communication.pdf,60.6,electromedical-technology.zip
Electromedical Technology,7,25853,Innovation & Entrepreneurship,Innovation & Entrepreneurship.pdf,118.6,electromedical-technology.zip
Electromedical Technology,7,26773,Switch Gear and Protection,Switch Gear and Protection.pdf,132.7,electromedical-technology.zip
Electronics Technology,1,25711,Bangla-I,Bangla-I.pdf,110.2,electronics-technology.zip
Electronics Technology,1,26711,Basic Electricity,Basic Electricity.pdf,102.0,electronics-technology.zip
Electronics Technology,1,26811,Basic Electronics,Basic Electronics.pdf,101.4,electronics-technology.zip
Electronics Technology,1,21011,Engineering Drawing,Engineering Drawing.pdf,68.0,electronics-technology.zip
Electronics Technology,1,25712,English-I,English-I.pdf,242.2,electronics-technology.zip
Electronics Technology,1,25911,Mathematics -I,Mathematics -I.pdf,107.4,electronics-technology.zip
Electronics Technology,1,25912,Physics-I,Physics-I.pdf,110.1,electronics-technology.zip
Electronics Technology,2,25721,Bangla -II,Bangla -II.pdf,163.4,electronics-technology.zip
Electronics Technology,2,25913,Chemistry,Chemistry.pdf,143.9,electronics-technology.zip
Electronics Technology,2,26721,Electrical Circuits-I,Electrical Circuits-I.pdf,89.7,electronics-technology.zip
Electronics Technology,2,26821,Electronic Devices and,Electronic Devices and.pdf,112.1,electronics-technology.zip
Electronics Technology,2,25722,English-II,English-II.pdf,160.1,electronics-technology.zip
Electronics Technology,2,25921,Mathematics-II,Mathematics-II.pdf,87.5,electronics-technology.zip
Electronics Technology,2,25812,Physical Education & Life skills Development,Physical Education & Life skills Development.pdf,68.0,electronics-technology.zip
Electronics Technology,2,25811,Social Science,Social Science.pdf,149.7,electronics-technology.zip
Electronics Technology,3,28511,Computer Office Application,Computer Office Application.pdf,114.3,electronics-technology.zip
Electronics Technology,3,26831,Digital Electronics -I,Digital Electronics -I.pdf,76.4,electronics-technology.zip
Electronics Technology,3,25931,Mathematics-III,Mathematics-III.pdf,80.8,electronics-technology.zip
Electronics Technology,3,25922,Physics -II,Physics -II.pdf,133.4,electronics-technology.zip
Electronics Technology,4,25841,Accounting Electrical,Accounting Electrical.pdf,67.1,electronics-technology.zip
Electronics Technology,4,26842,Communication Engineering,Communication Engineering.pdf,118.6,electronics-technology.zip
Electronics Technology,4,26742,DC Machine,DC Machine.pdf,63.8,electronics-technology.zip
Electronics Technology,4,26841,Digital Electronics -II,Digital Electronics -II.pdf,68.4,electronics-technology.zip
Electronics Technology,4,26741,"Installation,Planning and Estimating","Installation,Planning and Estimating.pdf",130.6,electronics-technology.zip
Electronics Technology,5,26852,Electronic Appliances,Electronic Appliances.pdf,36.9,electronics-technology.zip
Electronics Technology,5,25852,Industrial Management,Industrial Management.pdf,103.8,electronics-technology.zip
Electronics Technology,5,25851,Principles of Marketing,Principles of Marketing.pdf,91.8,electronics-technology.zip
Electronics Technology,5,28567,Programming in C,Programming in C.pdf,143.8,electronics-technology.zip
Electronics Technology,5,26851,Television Engineering,Television Engineering.pdf,141.9,electronics-technology.zip
Electronics Technology,6,26761,AC Machine-I,AC Machine-I.pdf,118.3,electronics-technology.zip
Electronics Technology,6,29041,Environmental Studies,Environmental Studies.pdf,139.7,electronics-technology.zip
Electronics Technology,6,26862,Microcontroller and Embedded System,Microcontroller and Embedded System.pdf,97.9,electronics-technology.zip
Electronics Technology,6,26863,PCB Design and Prototyping,PCB Design and Prototyping.pdf,84.7,electronics-technology.zip
Electronics Technology,6,26861,TV Studio and Broadcasting,TV Studio and Broadcasting.pdf,71.3,electronics-technology.zip
Electronics Technology,6,26763,of Eectrical Power Electrical & Electronic Measurements-II,of Eectrical Power Electrical & Electronic Measurements-II.pdf,69.1,electronics-technology.zip
Electronics Technology,7,26771,AC Machine-II,AC Machine-II.pdf,112.2,electronics-technology.zip
Electronics Technology,7,25831,Business Communication,Business Communication.pdf,60.6,electronics-technology.zip
Electronics Technology,7,26872,Industrial Automation and PLC,Industrial Automation and PLC.pdf,87.6,electronics-technology.zip
Electronics Technology,7,25853,Innovation & Entrepreneurship,Innovation & Entrepreneurship.pdf,118.6,electronics-technology.zip
Electronics Technology,7,26871,Microwave Radar and Navigation Aids,Microwave Radar and Navigation Aids.pdf,91.5,electronics-technology.zip
Environmental Technology,1,25711,Bangla-I,Bangla-I.pdf,110.2,environmental-technology.zip
Environmental Technology,1,26711,Basic Electricity,Basic Electricity.pdf,102.0,environmental-technology.zip
Environmental Technology,1,25913,Chemistry,Chemistry.pdf,143.9,environmental-technology.zip
Environmental Technology,1,21011,Engineering Drawing,Engineering Drawing.pdf,68.0,environmental-technology.zip
Environmental Technology,1,25712,English-I,English-I.pdf,242.2,environmental-technology.zip
Environmental Technology,1,25911,Mathematics -I,Mathematics -I.pdf,107.4,environmental-technology.zip
Environmental Technology,1,25811,Social Science,Social Science.pdf,149.7,environmental-technology.zip
Environmental Technology,2,25721,Bangla -II,Bangla -II.pdf,163.4,environmental-technology.zip
Environmental Technology,2,26811,Basic Electronics,Basic Electronics.pdf,101.4,environmental-technology.zip
Environmental Technology,2,26421,Civil Engineering Drawing,Civil Engineering Drawing.pdf,50.4,environmental-technology.zip
Environmental Technology,2,28511,Computer Office Application,Computer Office Application.pdf,114.3,environmental-technology.zip
Environmental Technology,2,25722,English-II,English-II.pdf,160.1,environmental-technology.zip
Environmental Technology,2,25921,Mathematics-II,Mathematics-II.pdf,87.5,environmental-technology.zip
Environmental Technology,2,25912,Physics -I,Physics -I.pdf,110.1,environmental-technology.zip
Environmental Technology,3,27011,Basic Workshop Practice,Basic Workshop Practice.pdf,106.9,environmental-technology.zip
Environmental Technology,3,25931,Mathematics-III,Mathematics-III.pdf,80.8,environmental-technology.zip
Environmental Technology,3,25922,Physics-II,Physics-II.pdf,133.4,environmental-technology.zip
Environmental Technology,4,25831,Business Communication,Business Communication.pdf,60.6,environmental-technology.zip
Environmental Technology,4,26443,Civil CAD-I,Civil CAD-I.pdf,61.9,environmental-technology.zip
Environmental Technology,4,26442,Estimating & Costing-I,Estimating & Costing-I.pdf,63.3,environmental-technology.zip
Environmental Technology,4,26445,Geotechnical Engineering,Geotechnical Engineering.pdf,62.8,environmental-technology.zip
Environmental Technology,4,25812,Physical Education & Life skills Development,Physical Education & Life skills Development.pdf,68.0,environmental-technology.zip
Environmental Technology,4,26431,Structural Mechanics,Structural Mechanics.pdf,138.2,environmental-technology.zip
Environmental Technology,4,26444,Surveying-II,Surveying-II.pdf,75.6,environmental-technology.zip
Environmental Technology,5,25841,Accounting,Accounting.pdf,67.1,environmental-technology.zip
Environmental Technology,5,26441,Construction Process-II,Construction Process-II.pdf,141.0,environmental-technology.zip
Environmental Technology,6,26464,Design of Structure-I,Design of Structure-I.pdf,104.8,environmental-technology.zip
Environmental Technology,6,25852,Industrial Management,Industrial Management.pdf,103.8,environmental-technology.zip
Environmental Technology,6,26463,Transportation Engineering-I,Transportation Engineering-I.pdf,125.4,environmental-technology.zip
Environmental Technology,7,28871,Construction Management & Documentation,Construction Management & Documentation.pdf,92.0,environmental-technology.zip
Environmental Technology,7,26475,Estimating & Costing-II,Estimating & Costing-II.pdf,202.3,environmental-technology.zip
Environmental Technology,7,25853,Innovation & Entrepreneurship,Innovation & Entrepreneurship.pdf,118.6,environmental-technology.zip
Environmental Technology,7,25851,Principles of Marketing,Principles of Marketing.pdf,91.8,environmental-technology.zip
Environmental Technology,7,26472,Sanitary Engineering,Sanitary Engineering.pdf,122.2,environmental-technology.zip
Food Technology,1,25711,Bangla-I,Bangla-I.pdf,110.2,food-technology.zip
Food Technology,1,25913,Chemistry,Chemistry.pdf,143.9,food-technology.zip
Food Technology,1,21011,Engineering Drawing,Engineering Drawing.pdf,68.0,food-technology.zip
Food Technology,1,25712,English-I,English-I.pdf,242.2,food-technology.zip
Food Technology,1,25911,Mathematics -I,Mathematics -I.pdf,107.4,food-technology.zip
Food Technology,1,25812,Physical Education & Life skills Development,Physical Education & Life skills Development.pdf,68.0,food-technology.zip
Food Technology,2,25721,Bangla -II,Bangla -II.pdf,163.4,food-technology.zip
Food Technology,2,26711,Basic Electricity,Basic Electricity.pdf,102.0,food-technology.zip
Food Technology,2,27011,Basic Workshop Practice,Basic Workshop Practice.pdf,106.9,food-technology.zip
Food Technology,2,25722,English-II,English-II.pdf,160.1,food-technology.zip
Food Technology,2,25921,Mathematics-II,Mathematics-II.pdf,87.5,food-technology.zip
Food Technology,2,25912,Physics -I,Physics -I.pdf,110.1,food-technology.zip
Food Technology,3,26811,Basic Electronics,Basic Electronics.pdf,101.4,food-technology.zip
Food Technology,3,28511,Computer office Application,Computer office Application.pdf,114.3,food-technology.zip
Food Technology,3,25931,Mathematics-III,Mathematics-III.pdf,80.8,food-technology.zip
Food Technology,3,25922,Physics-II,Physics-II.pdf,133.4,food-technology.zip
Food Technology,3,25811,Social Science,Social Science.pdf,149.7,food-technology.zip
Food Technology,4,25841,Accounting,Accounting.pdf,67.1,food-technology.zip
Food Technology,4,25831,Business Communication,Business Communication.pdf,60.6,food-technology.zip
Food Technology,4,27041,Engineering Mechanics,Engineering Mechanics.pdf,72.7,food-technology.zip
Food Technology,5,25852,Industrial Management,Industrial Management.pdf,103.8,food-technology.zip
Food Technology,6,29041,Environmental Studies,Environmental Studies.pdf,139.7,food-technology.zip
Food Technology,7,25853,Innovation & Entrepreneurship,Innovation & Entrepreneurship.pdf,118.6,food-technology.zip
Food Technology,7,25851,Principles of Marketing,Principles of Marketing.pdf,91.8,food-technology.zip
Footwear Technology,1,25711,Bangla-I,Bangla-I.pdf,110.2,footwear-technology.zip
Footwear Technology,1,26711,Basic Electricity,Basic Electricity.pdf,102.0,footwear-technology.zip
Footwear Technology,1,27011,Basic Workshop Practice,Basic Workshop Practice.pdf,106.9,footwear-technology.zip
Footwear Technology,1,21011,Engineering Drawing,Engineering Drawing.pdf,68.0,footwear-technology.zip
Footwear Technology,1,25712,English-I,English-I.pdf,242.2,footwear-technology.zip
Footwear Technology,1,25911,Mathematics -I,Mathematics -I.pdf,107.4,footwear-technology.zip
Footwear Technology,1,25812,Physical Education & Life skills Development,Physical Education & Life skills Development.pdf,68.0,footwear-technology.zip
Footwear Technology,1,25912,Physics-I,Physics-I.pdf,110.1,footwear-technology.zip
Footwear Technology,2,25721,Bangla -II,Bangla -II.pdf,163.4,footwear-technology.zip
Footwear Technology,2,25722,English-II,English-II.pdf,160.1,footwear-technology.zip
Footwear Technology,2,25921,Mathematics-II,Mathematics-II.pdf,87.5,footwear-technology.zip
Footwear Technology,2,25922,Physics -II,Physics -II.pdf,133.4,footwear-technology.zip
Footwear Technology,3,26811,Basic Electronics,Basic Electronics.pdf,101.4,footwear-technology.zip
Footwear Technology,3,25913,Chemistry,Chemistry.pdf,143.9,footwear-technology.zip
Footwear Technology,3,28511,Computer Office Appilication,Computer Office Appilication.pdf,114.3,footwear-technology.zip
Footwear Technology,3,25931,Mathematics-III,Mathematics-III.pdf,80.8,footwear-technology.zip
Footwear Technology,3,25811,Social Science,Social Science.pdf,149.7,footwear-technology.zip
Footwear Technology,4,25841,Accounting,Accounting.pdf,67.1,footwear-technology.zip
Footwear Technology,4,29041,Environmental Studies,Environmental Studies.pdf,139.7,footwear-technology.zip
Footwear Technology,5,25852,Industrial Management,Industrial Management.pdf,103.8,footwear-technology.zip
Footwear Technology,6,25831,Business Communication,Business Communication.pdf,60.6,footwear-technology.zip
Footwear Technology,6,25851,Principle of Marketing,Principle of Marketing.pdf,91.8,footwear-technology.zip
Footwear Technology,7,25853,Innovation & Entrepreneurship,Innovation & Entrepreneurship.pdf,118.6,footwear-technology.zip
Geoinformatics Technology,1,25711,Bangla-I,Bangla-I.pdf,110.2,geoinformatics-technology.zip
Geoinformatics Technology,1,26711,Basic Electricity,Basic Electricity.pdf,102.0,geoinformatics-technology.zip
Geoinformatics Technology,1,21011,Engineering Drawing,Engineering Drawing.pdf,68.0,geoinformatics-technology.zip
Geoinformatics Technology,1,25712,English-I,English-I.pdf,242.2,geoinformatics-technology.zip
Geoinformatics Technology,1,25911,Mathematics-I,Mathematics-I.pdf,107.4,geoinformatics-technology.zip
Geoinformatics Technology,1,25912,Physics-I,Physics-I.pdf,110.1,geoinformatics-technology.zip
Geoinformatics Technology,1,25811,Social Science,Social Science.pdf,149.7,geoinformatics-technology.zip
Geoinformatics Technology,2,25721,Bangla-II,Bangla-II.pdf,163.4,geoinformatics-technology.zip
Geoinformatics Technology,2,26811,Basic Electronics,Basic Electronics.pdf,101.4,geoinformatics-technology.zip
Geoinformatics Technology,2,28511,Computer office Application,Computer office Application.pdf,114.3,geoinformatics-technology.zip
Geoinformatics Technology,2,25722,English -II,English -II.pdf,160.1,geoinformatics-technology.zip
Geoinformatics Technology,2,25921,Mathematics-II,Mathematics-II.pdf,87.5,geoinformatics-technology.zip
Geoinformatics Technology,2,25812,Physical Education & Life Skills Development,Physical Education & Life Skills Development.pdf,68.0,geoinformatics-technology.zip
Geoinformatics Technology,2,25922,Physics -II,Physics -II.pdf,133.4,geoinformatics-technology.zip
Geoinformatics Technology,3,25913,Chemestry,Chemestry.pdf,143.9,geoinformatics-technology.zip
Geoinformatics Technology,3,25931,Mathematics-III,Mathematics-III.pdf,80.8,geoinformatics-technology.zip
Geoinformatics Technology,4,25831,Business Communication,Business Communication.pdf,60.6,geoinformatics-technology.zip
Geoinformatics Technology,4,26431,Structural Mechanics,Structural Mechanics.pdf,138.2,geoinformatics-technology.zip
Geoinformatics Technology,5,25841,Accounting,Accounting.pdf,67.1,geoinformatics-technology.zip
Geoinformatics Technology,5,29041,Environmental Studies,Environmental Studies.pdf,139.7,geoinformatics-technology.zip
Geoinformatics Technology,6,25852,Industrial Management,Industrial Management.pdf,103.8,geoinformatics-technology.zip
Geoinformatics Technology,7,25853,Innovation & Entrepreneurship,Innovation & Entrepreneurship.pdf,118.6,geoinformatics-technology.zip
Geoinformatics Technology,7,25851,Principles of Marketing,Principles of Marketing.pdf,91.8,geoinformatics-technology.zip
Glass Technology,1,25711,Bangla-I,Bangla-I.pdf,110.2,glass-technology.zip
Glass Technology,1,26711,Basic Electricity,Basic Electricity.pdf,102.0,glass-technology.zip
Glass Technology,1,25831,Business Communication,Business Communication.pdf,60.6,glass-technology.zip
Glass Technology,1,25913,Chemesitry,Chemesitry.pdf,143.9,glass-technology.zip
Glass Technology,1,21011,Engineering Drawing,Engineering Drawing.pdf,68.0,glass-technology.zip
Glass Technology,1,25712,English-I,English-I.pdf,242.2,glass-technology.zip
Glass Technology,1,25911,Mathematics -I,Mathematics -I.pdf,107.4,glass-technology.zip
Glass Technology,2,25721,Bangla -II,Bangla -II.pdf,163.4,glass-technology.zip
Glass Technology,2,26811,Basic Electronics,Basic Electronics.pdf,101.4,glass-technology.zip
Glass Technology,2,25722,English-II,English-II.pdf,160.1,glass-technology.zip
Glass Technology,2,25921,Mathematics-II,Mathematics-II.pdf,87.5,glass-technology.zip
Glass Technology,2,25812,Physical Education & Life skill Development,Physical Education & Life skill Development.pdf,68.0,glass-technology.zip
Glass Technology,2,25912,Physics -I,Physics -I.pdf,110.1,glass-technology.zip
Glass Technology,2,25811,Social Science,Social Science.pdf,149.7,glass-technology.zip
Glass Technology,3,27011,Basic Workshop Practice,Basic Workshop Practice.pdf,106.9,glass-technology.zip
Glass Technology,3,28511,Computer Office Application,Computer Office Application.pdf,114.3,glass-technology.zip
Glass Technology,3,25931,Mathematics-III,Mathematics-III.pdf,80.8,glass-technology.zip
Glass Technology,3,25922,Physics-II,Physics-II.pdf,133.4,glass-technology.zip
Glass Technology,4,25841,Accounting,Accounting.pdf,67.1,glass-technology.zip
Glass Technology,4,26875,Automation Engineering & PLC,Automation Engineering & PLC.pdf,110.3,glass-technology.zip
Glass Technology,5,25852,Industrial Management,Industrial Management.pdf,103.8,glass-technology.zip
Glass Technology,5,25851,Principle of Marketing,Principle of Marketing.pdf,91.8,glass-technology.zip
Glass Technology,6,29041,Environmental Studies,Environmental Studies.pdf,139.7,glass-technology.zip
Glass Technology,7,25853,Innovation & Entrepreneurship,Innovation & Entrepreneurship.pdf,118.6,glass-technology.zip
Graphic Design Technology,1,25711,Bangla-I,Bangla-I.pdf,110.2,graphic-design-technology.zip
Graphic Design Technology,1,27011,Basic Workshop Practice,Basic Workshop Practice.pdf,106.9,graphic-design-technology.zip
Graphic Design Technology,1,21011,Engineering Drawing,Engineering Drawing.pdf,68.0,graphic-design-technology.zip
Graphic Design Technology,1,25712,English-I,English-I.pdf,242.2,graphic-design-technology.zip
Graphic Design Technology,1,25911,Mathematics -I,Mathematics -I.pdf,107.4,graphic-design-technology.zip
Graphic Design Technology,1,25812,Physical Education & Life skills Development,Physical Education & Life skills Development.pdf,68.0,graphic-design-technology.zip
Graphic Design Technology,1,25912,Physics-I,Physics-I.pdf,110.1,graphic-design-technology.zip
Graphic Design Technology,1,25811,Social Science,Social Science.pdf,149.7,graphic-design-technology.zip
Graphic Design Technology,2,25721,Bangla -II,Bangla -II.pdf,163.4,graphic-design-technology.zip
Graphic Design Technology,2,26711,Basic Electricity,Basic Electricity.pdf,102.0,graphic-design-technology.zip
Graphic Design Technology,2,28511,Computer Office Application,Computer Office Application.pdf,114.3,graphic-design-technology.zip
Graphic Design Technology,2,25722,English-II,English-II.pdf,160.1,graphic-design-technology.zip
Graphic Design Technology,2,25921,Mathematics-II,Mathematics-II.pdf,87.5,graphic-design-technology.zip
Graphic Design Technology,2,25922,Physics -II,Physics -II.pdf,133.4,graphic-design-technology.zip
Graphic Design Technology,3,26811,Basic Electronics,Basic Electronics.pdf,101.4,graphic-design-technology.zip
Graphic Design Technology,3,25831,Business Communication,Business Communication.pdf,60.6,graphic-design-technology.zip
Graphic Design Technology,3,25913,Chemistry,Chemistry.pdf,143.9,graphic-design-technology.zip
Graphic Design Technology,3,25931,Mathematics-III,Mathematics-III.pdf,80.8,graphic-design-technology.zip
Graphic Design Technology,4,25841,Accounting,Accounting.pdf,67.1,graphic-design-technology.zip
Graphic Design Technology,4,29041,Environmental Studies,Environmental Studies.pdf,139.7,graphic-design-technology.zip
Graphic Design Technology,5,25852,Industrial Management,Industrial Management.pdf,103.8,graphic-design-technology.zip
Graphic Design Technology,6,25851,Principle of Marketing,Principle of Marketing.pdf,91.8,graphic-design-technology.zip
Graphic Design Technology,7,25853,Innovation & Entrepreneurship,Innovation & Entrepreneurship.pdf,118.6,graphic-design-technology.zip
Land Resources Survey & Environment Technology,1,25711,Bangla-I,Bangla-I.pdf,110.2,land-resources-survey-environment-technology.zip
Land Resources Survey & Environment Technology,1,26711,Basic Electricity,Basic Electricity.pdf,102.0,land-resources-survey-environment-technology.zip
Land Resources Survey & Environment Technology,1,21011,Engineering Drawing,Engineering Drawing.pdf,68.0,land-resources-survey-environment-technology.zip
Land Resources Survey & Environment Technology,1,25712,English-I,English-I.pdf,242.2,land-resources-survey-environment-technology.zip
Land Resources Survey & Environment Technology,1,25911,Mathematics-I,Mathematics-I.pdf,107.4,land-resources-survey-environment-technology.zip
Land Resources Survey & Environment Technology,1,25912,Physics-I,Physics-I.pdf,110.1,land-resources-survey-environment-technology.zip
Land Resources Survey & Environment Technology,1,25811,Social Science,Social Science.pdf,149.7,land-resources-survey-environment-technology.zip
Land Resources Survey & Environment Technology,2,25721,Bangla-II,Bangla-II.pdf,163.4,land-resources-survey-environment-technology.zip
Land Resources Survey & Environment Technology,2,26811,Basic Electronics,Basic Electronics.pdf,101.4,land-resources-survey-environment-technology.zip
Land Resources Survey & Environment Technology,2,28511,Computer Office Application,Computer Office Application.pdf,114.3,land-resources-survey-environment-technology.zip
Land Resources Survey & Environment Technology,2,25722,English -II,English -II.pdf,160.1,land-resources-survey-environment-technology.zip
Land Resources Survey & Environment Technology,2,25921,Mathematics-II,Mathematics-II.pdf,87.5,land-resources-survey-environment-technology.zip
Land Resources Survey & Environment Technology,2,25812,Physical Education & Life skills,Physical Education & Life skills.pdf,68.0,land-resources-survey-environment-technology.zip
Land Resources Survey & Environment Technology,2,25922,Physics -II,Physics -II.pdf,133.4,land-resources-survey-environment-technology.zip
Land Resources Survey & Environment Technology,3,25913,Chemestry,Chemestry.pdf,143.9,land-resources-survey-environment-technology.zip
Land Resources Survey & Environment Technology,3,25931,Mathematics-III,Mathematics-III.pdf,80.8,land-resources-survey-environment-technology.zip
Land Resources Survey & Environment Technology,4,25831,Business Communication,Business Communication.pdf,60.6,land-resources-survey-environment-technology.zip
Land Resources Survey & Environment Technology,4,26431,Structural Mechanics,Structural Mechanics.pdf,138.2,land-resources-survey-environment-technology.zip
Land Resources Survey & Environment Technology,5,25851,Principles of Marketing,Principles of Marketing.pdf,91.8,land-resources-survey-environment-technology.zip
Land Resources Survey & Environment Technology,6,25841,Accounting,Accounting.pdf,67.1,land-resources-survey-environment-technology.zip
Land Resources Survey & Environment Technology,7,25853,Innovation & Entrepreneurship,Innovation & Entrepreneurship.pdf,118.6,land-resources-survey-environment-technology.zip
Marine Technology,1,25711,Bangla-I,Bangla-I.pdf,110.2,marine-technology.zip
Marine Technology,1,26711,Basic Electricity,Basic Electricity.pdf,102.0,marine-technology.zip
Marine Technology,1,27011,Basic Workshop Practice,Basic Workshop Practice.pdf,106.9,marine-technology.zip
Marine Technology,1,21011,Engineering Drawing,Engineering Drawing.pdf,68.0,marine-technology.zip
Marine Technology,1,25712,English-I,English-I.pdf,242.2,marine-technology.zip
Marine Technology,1,25911,Mathematics -I,Mathematics -I.pdf,107.4,marine-technology.zip
Marine Technology,1,25812,Physical Education & Life skills Development,Physical Education & Life skills Development.pdf,68.0,marine-technology.zip
Marine Technology,1,25912,Physics-I,Physics-I.pdf,110.1,marine-technology.zip
Marine Technology,2,25721,Bangla -II,Bangla -II.pdf,163.4,marine-technology.zip
Marine Technology,2,26811,Basic Electronics,Basic Electronics.pdf,101.4,marine-technology.zip
Marine Technology,2,25913,Chemistry,Chemistry.pdf,143.9,marine-technology.zip
Marine Technology,2,25722,English-II,English-II.pdf,160.1,marine-technology.zip
Marine Technology,2,27012,Machine Shop Practice I,Machine Shop Practice I.pdf,111.4,marine-technology.zip
Marine Technology,2,25921,Mathematics-II,Mathematics-II.pdf,87.5,marine-technology.zip
Marine Technology,2,25922,Physics -II,Physics -II.pdf,133.4,marine-technology.zip
Marine Technology,3,27041,Engineering Mechanics,Engineering Mechanics.pdf,72.7,marine-technology.zip
Marine Technology,3,27032,Machine Shop Practice II,Machine Shop Practice II.pdf,93.8,marine-technology.zip
Marine Technology,3,25931,Mathematics-III,Mathematics-III.pdf,80.8,marine-technology.zip
Marine Technology,3,25811,Social Science,Social Science.pdf,149.7,marine-technology.zip
Marine Technology,4,25841,Accounting,Accounting.pdf,67.1,marine-technology.zip
Marine Technology,4,28511,Computer Office Appilication,Computer Office Appilication.pdf,114.3,marine-technology.zip
Marine Technology,4,27043,Metallurgy,Metallurgy.pdf,81.6,marine-technology.zip
Marine Technology,6,25852,Industrial Management,Industrial Management.pdf,103.8,marine-technology.zip
Marine Technology,6,27061,Strength of Materials,Strength of Materials.pdf,101.3,marine-technology.zip
Marine Technology,7,25853,Innovation & Entrepreneurship,Innovation & Entrepreneurship.pdf,118.6,marine-technology.zip
Marine Technology,7,25851,Principles of Marketing,Principles of Marketing.pdf,91.8,marine-technology.zip
Marine Technology,7,27231,RAC Cycles & Components,RAC Cycles & Components.pdf,89.8,marine-technology.zip
Mechanical Technology,1,25711,Bangla-I,Bangla-I.pdf,110.2,mechanical-technology.zip
Mechanical Technology,1,27011,Basic Workshop Practice,Basic Workshop Practice.pdf,106.9,mechanical-technology.zip
Mechanical Technology,1,21011,Engineering Drawing,Engineering Drawing.pdf,68.0,mechanical-technology.zip
Mechanical Technology,1,25712,English-I,English-I.pdf,242.2,mechanical-technology.zip
Mechanical Technology,1,27012,Machine Shop Practice I,Machine Shop Practice I.pdf,111.4,mechanical-technology.zip
Mechanical Technology,1,25911,Mathematics -I,Mathematics -I.pdf,107.4,mechanical-technology.zip
Mechanical Technology,1,25812,Physical Education & Life Skills Development,Physical Education & Life Skills Development.pdf,68.0,mechanical-technology.zip
Mechanical Technology,1,25912,Physics -I,Physics -I.pdf,110.1,mechanical-technology.zip
Mechanical Technology,2,25721,Bangla -II,Bangla -II.pdf,163.4,mechanical-technology.zip
Mechanical Technology,2,26711,Basic Electricity,Basic Electricity.pdf,102.0,mechanical-technology.zip
Mechanical Technology,2,25913,Chemistry,Chemistry.pdf,143.9,mechanical-technology.zip
Mechanical Technology,2,25722,English-II,English-II.pdf,160.1,mechanical-technology.zip
Mechanical Technology,2,25921,Mathematics-II,Mathematics-II.pdf,87.5,mechanical-technology.zip
Mechanical Technology,2,27021,Mechanical Engineering Drawing,Mechanical Engineering Drawing.pdf,79.7,mechanical-technology.zip
Mechanical Technology,2,25922,Physics -II,Physics -II.pdf,133.4,mechanical-technology.zip
Mechanical Technology,3,25831,Business Communication,Business Communication.pdf,60.6,mechanical-technology.zip
Mechanical Technology,3,28511,Computer Office Application,Computer Office Application.pdf,114.3,mechanical-technology.zip
Mechanical Technology,3,27032,Machine Shop Practice-II,Machine Shop Practice-II.pdf,93.8,mechanical-technology.zip
Mechanical Technology,3,25931,Mathematics-III,Mathematics-III.pdf,80.8,mechanical-technology.zip
Mechanical Technology,3,27231,RAC Cycles and Components,RAC Cycles and Components.pdf,89.8,mechanical-technology.zip
Mechanical Technology,3,25811,Social Science,Social Science.pdf,149.7,mechanical-technology.zip
Mechanical Technology,4,25841,Accounting,Accounting.pdf,67.1,mechanical-technology.zip
Mechanical Technology,4,26811,Basic Electronics,Basic Electronics.pdf,101.4,mechanical-technology.zip
Mechanical Technology,4,27041,Engineering Mechanics,Engineering Mechanics.pdf,72.7,mechanical-technology.zip
Mechanical Technology,4,29041,Environmental Studies,Environmental Studies.pdf,139.7,mechanical-technology.zip
Mechanical Technology,4,27042,Machine Shop Practice III,Machine Shop Practice III.pdf,45.5,mechanical-technology.zip
Mechanical Technology,4,27043,Metallurgy,Metallurgy.pdf,81.6,mechanical-technology.zip
Mechanical Technology,5,27053,Advanced Welding-I,Advanced Welding-I.pdf,182.0,mechanical-technology.zip
Mechanical Technology,5,27051,Fluid Mechanics & Machineries,Fluid Mechanics & Machineries.pdf,138.6,mechanical-technology.zip
Mechanical Technology,5,27054,Foundry & Pattern Making,Foundry & Pattern Making.pdf,139.1,mechanical-technology.zip
Mechanical Technology,5,25852,Industrial Management,Industrial Management.pdf,103.8,mechanical-technology.zip
Mechanical Technology,5,27052,Mechanical Estimating & Costing,Mechanical Estimating & Costing.pdf,95.9,mechanical-technology.zip
Mechanical Technology,5,28567,Progamming in C,Progamming in C.pdf,143.8,mechanical-technology.zip
Mechanical Technology,6,27064,Advanced Welding-II,Advanced Welding-II.pdf,73.2,mechanical-technology.zip
Mechanical Technology,6,26211,Automobile Fundamentals,Automobile Fundamentals.pdf,139.1,mechanical-technology.zip
Mechanical Technology,6,27062,Mechanical Measurement & Metrology,Mechanical Measurement & Metrology.pdf,105.9,mechanical-technology.zip
Mechanical Technology,6,27065,Plant Engineering & Maintainance,Plant Engineering & Maintainance.pdf,108.5,mechanical-technology.zip
Mechanical Technology,6,25851,Principles of Marketing,Principles of Marketing.pdf,91.8,mechanical-technology.zip
Mechanical Technology,6,27061,Strength of Materials,Strength of Materials.pdf,101.3,mechanical-technology.zip
Mechanical Technology,7,25853,Innovation & Entrepreneurship,Innovation & Entrepreneurship.pdf,118.6,mechanical-technology.zip
Mechanical Technology,7,29231,Mechatronics & PLC,Mechatronics & PLC.pdf,156.5,mechanical-technology.zip
Mechanical Technology,7,27075,Production Planning & Control,Production Planning & Control.pdf,141.9,mechanical-technology.zip
Mechatronics Technology,1,25711,Bangla-I,Bangla-I.pdf,110.2,mechatronics-technology.zip
Mechatronics Technology,1,26711,Basic Electricity,Basic Electricity.pdf,102.0,mechatronics-technology.zip
Mechatronics Technology,1,27011,Basic Workshop Practice,Basic Workshop Practice.pdf,106.9,mechatronics-technology.zip
Mechatronics Technology,1,21011,Engineering Drawing,Engineering Drawing.pdf,68.0,mechatronics-technology.zip
Mechatronics Technology,1,25712,English-I,English-I.pdf,242.2,mechatronics-technology.zip
Mechatronics Technology,1,25911,Mathematics -I,Mathematics -I.pdf,107.4,mechatronics-technology.zip
Mechatronics Technology,1,25812,Physical Education & Life Skills Development,Physical Education & Life Skills Development.pdf,68.0,mechatronics-technology.zip
Mechatronics Technology,1,25912,Physics -I,Physics -I.pdf,110.1,mechatronics-technology.zip
Mechatronics Technology,2,25721,Bangla -II,Bangla -II.pdf,163.4,mechatronics-technology.zip
Mechatronics Technology,2,26811,Basic Electronics,Basic Electronics.pdf,101.4,mechatronics-technology.zip
Mechatronics Technology,2,25722,English-II,English-II.pdf,160.1,mechatronics-technology.zip
Mechatronics Technology,2,27012,Machine Shop Practice I,Machine Shop Practice I.pdf,111.4,mechatronics-technology.zip
Mechatronics Technology,2,25921,Mathematics-II,Mathematics-II.pdf,87.5,mechatronics-technology.zip
Mechatronics Technology,2,27021,Mechanical Engineering Drawing,Mechanical Engineering Drawing.pdf,79.7,mechatronics-technology.zip
Mechatronics Technology,2,25922,Physics-II,Physics-II.pdf,133.4,mechatronics-technology.zip
Mechatronics Technology,3,25831,Business Communication,Business Communication.pdf,60.6,mechatronics-technology.zip
Mechatronics Technology,3,25913,Chemistry,Chemistry.pdf,143.9,mechatronics-technology.zip
Mechatronics Technology,3,28511,Computer Office Application,Computer Office Application.pdf,114.3,mechatronics-technology.zip
Mechatronics Technology,3,26821,Electronic Devices & Circuits,Electronic Devices & Circuits.pdf,112.1,mechatronics-technology.zip
Mechatronics Technology,3,25931,Mathematics-III,Mathematics-III.pdf,80.8,mechatronics-technology.zip
Mechatronics Technology,3,25811,Social Science,Social Science.pdf,149.7,mechatronics-technology.zip
Mechatronics Technology,4,25841,Accounting,Accounting.pdf,67.1,mechatronics-technology.zip
Mechatronics Technology,4,27041,Engineering Mechanics,Engineering Mechanics.pdf,72.7,mechatronics-technology.zip
Mechatronics Technology,4,29041,Environmental Studies,Environmental Studies.pdf,139.7,mechatronics-technology.zip
Mechatronics Technology,4,27032,Machine Shop Practice II,Machine Shop Practice II.pdf,93.8,mechatronics-technology.zip
Mechatronics Technology,4,28567,Progamming in C,Progamming in C.pdf,143.8,mechatronics-technology.zip
Mechatronics Technology,5,26845,Digital Electronics,Digital Electronics.pdf,58.8,mechatronics-technology.zip
Mechatronics Technology,5,27051,Fluid Mechanics & Machineries,Fluid Mechanics & Machineries.pdf,138.6,mechatronics-technology.zip
Mechatronics Technology,5,25852,Industrial Management,Industrial Management.pdf,103.8,mechatronics-technology.zip
Mechatronics Technology,5,27152,Power Plant Enginnering,Power Plant Enginnering.pdf,144.6,mechatronics-technology.zip
Mechatronics Technology,5,25851,Principles of Marketing,Principles of Marketing.pdf,91.8,mechatronics-technology.zip
Mechatronics Technology,6,27062,Mechanical Measurement & Metrology,Mechanical Measurement & Metrology.pdf,105.9,mechatronics-technology.zip
Mechatronics Technology,6,27061,Strength of Materials,Strength of Materials.pdf,101.3,mechatronics-technology.zip
Mechatronics Technology,7,25853,Innovation & Entrepreneurship,Innovation & Entrepreneurship.pdf,118.6,mechatronics-technology.zip
Mechatronics Technology,7,27075,Production Planning & Control,Production Planning & Control.pdf,141.9,mechatronics-technology.zip
Petroleum and Mining Technology,1,26811,Basic Electronics,Basic Electronics.pdf,101.4,petroleum-and-mining-technology.zip
Petroleum and Mining Technology,1,27011,Basic Workshop Practice,Basic Workshop Practice.pdf,106.9,petroleum-and-mining-technology.zip
Petroleum and Mining Technology,1,21011,Engineering Drawing,Engineering Drawing.pdf,68.0,petroleum-and-mining-technology.zip
Petroleum and Mining Technology,1,25712,English-I,English-I.pdf,242.2,petroleum-and-mining-technology.zip
Petroleum and Mining Technology,1,25911,Mathematics-I,Mathematics-I.pdf,107.4,petroleum-and-mining-technology.zip
Petroleum and Mining Technology,1,25912,Physics-I,Physics-I.pdf,110.1,petroleum-and-mining-technology.zip
Petroleum and Mining Technology,1,25811,Social Science,Social Science.pdf,149.7,petroleum-and-mining-technology.zip
Petroleum and Mining Technology,2,25711,Bangla-I,Bangla-I.pdf,110.2,petroleum-and-mining-technology.zip
Petroleum and Mining Technology,2,26711,Basic Electricity,Basic Electricity.pdf,102.0,petroleum-and-mining-technology.zip
Petroleum and Mining Technology,2,25722,English-II,English-II.pdf,160.1,petroleum-and-mining-technology.zip
Petroleum and Mining Technology,2,27012,Machine Shop Practice,Machine Shop Practice.pdf,111.4,petroleum-and-mining-technology.zip
Petroleum and Mining Technology,2,25921,Mathematics-II,Mathematics-II.pdf,87.5,petroleum-and-mining-technology.zip
Petroleum and Mining Technology,2,25922,Physics-II,Physics-II.pdf,133.4,petroleum-and-mining-technology.zip
Petroleum and Mining Technology,3,25721,Bangla-II,Bangla-II.pdf,163.4,petroleum-and-mining-technology.zip
Petroleum and Mining Technology,3,25831,Business Communication,Business Communication.pdf,60.6,petroleum-and-mining-technology.zip
Petroleum and Mining Technology,3,25913,Chemistry,Chemistry.pdf,143.9,petroleum-and-mining-technology.zip
Petroleum and Mining Technology,3,28511,Computer Office Application,Computer Office Application.pdf,114.3,petroleum-and-mining-technology.zip
Petroleum and Mining Technology,3,25931,Mathematics-III,Mathematics-III.pdf,80.8,petroleum-and-mining-technology.zip
Petroleum and Mining Technology,3,25812,Physical Education & Life skill Development,Physical Education & Life skill Development.pdf,68.0,petroleum-and-mining-technology.zip
Petroleum and Mining Technology,4,25841,Accounting,Accounting.pdf,67.1,petroleum-and-mining-technology.zip
Petroleum and Mining Technology,4,27041,Engineering Mechanics,Engineering Mechanics.pdf,72.7,petroleum-and-mining-technology.zip
Petroleum and Mining Technology,4,29041,Environmental Studies,Environmental Studies.pdf,139.7,petroleum-and-mining-technology.zip
Petroleum and Mining Technology,4,27043,Metallurgy,Metallurgy.pdf,81.6,petroleum-and-mining-technology.zip
Petroleum and Mining Technology,4,28521,Python Progamming,Python Progamming.pdf,60.2,petroleum-and-mining-technology.zip
Petroleum and Mining Technology,5,27053,Advance Welding-I,Advance Welding-I.pdf,182.0,petroleum-and-mining-technology.zip
Petroleum and Mining Technology,5,27051,Fluid Mechanics and Machinaries,Fluid Mechanics and Machinaries.pdf,138.6,petroleum-and-mining-technology.zip
Petroleum and Mining Technology,5,25851,Principles of Marketing,Principles of Marketing.pdf,91.8,petroleum-and-mining-technology.zip
Petroleum and Mining Technology,6,25852,Industrial Management,Industrial Management.pdf,103.8,petroleum-and-mining-technology.zip
Petroleum and Mining Technology,6,27065,Plant Engineering and Maintenance,Plant Engineering and Maintenance.pdf,108.5,petroleum-and-mining-technology.zip
Petroleum and Mining Technology,6,27061,Strength of Materials,Strength of Materials.pdf,101.3,petroleum-and-mining-technology.zip
Petroleum and Mining Technology,7,25853,Innovation & Entrepreneurship,Innovation & Entrepreneurship.pdf,118.6,petroleum-and-mining-technology.zip
Petroleum and Mining Technology,7,29231,Mechatronics and PLC,Mechatronics and PLC.pdf,156.5,petroleum-and-mining-technology.zip
Petroleum and Mining Technology,7,27075,Production Planing and Controll,Production Planing and Controll.pdf,141.9,petroleum-and-mining-technology.zip
Photogrammetry & Remote Sensing Technology,1,25711,Bangla-I,Bangla-I.pdf,110.2,photogrammetry-remote-sensing-technology.zip
Photogrammetry & Remote Sensing Technology,1,26711,Basic Electricity,Basic Electricity.pdf,102.0,photogrammetry-remote-sensing-technology.zip
Photogrammetry & Remote Sensing Technology,1,21011,Engineering Drawing,Engineering Drawing.pdf,68.0,photogrammetry-remote-sensing-technology.zip
Photogrammetry & Remote Sensing Technology,1,25712,English-I,English-I.pdf,242.2,photogrammetry-remote-sensing-technology.zip
Photogrammetry & Remote Sensing Technology,1,25911,Mathematics-I,Mathematics-I.pdf,107.4,photogrammetry-remote-sensing-technology.zip
Photogrammetry & Remote Sensing Technology,1,25912,Physics-I,Physics-I.pdf,110.1,photogrammetry-remote-sensing-technology.zip
Photogrammetry & Remote Sensing Technology,1,25811,Social Science,Social Science.pdf,149.7,photogrammetry-remote-sensing-technology.zip
Photogrammetry & Remote Sensing Technology,2,25721,Bangla-II,Bangla-II.pdf,163.4,photogrammetry-remote-sensing-technology.zip
Photogrammetry & Remote Sensing Technology,2,26811,Basic Electronics,Basic Electronics.pdf,101.4,photogrammetry-remote-sensing-technology.zip
Photogrammetry & Remote Sensing Technology,2,28511,Computer Office,Computer Office.pdf,114.3,photogrammetry-remote-sensing-technology.zip
Photogrammetry & Remote Sensing Technology,2,25722,English -II,English -II.pdf,160.1,photogrammetry-remote-sensing-technology.zip
Photogrammetry & Remote Sensing Technology,2,25921,Mathematics-II,Mathematics-II.pdf,87.5,photogrammetry-remote-sensing-technology.zip
Photogrammetry & Remote Sensing Technology,2,25812,Physical Education & Life,Physical Education & Life.pdf,68.0,photogrammetry-remote-sensing-technology.zip
Photogrammetry & Remote Sensing Technology,2,25922,Physics -II,Physics -II.pdf,133.4,photogrammetry-remote-sensing-technology.zip
Photogrammetry & Remote Sensing Technology,3,25913,Chemestry,Chemestry.pdf,143.9,photogrammetry-remote-sensing-technology.zip
Photogrammetry & Remote Sensing Technology,3,25931,Mathematics-III,Mathematics-III.pdf,80.8,photogrammetry-remote-sensing-technology.zip
Photogrammetry & Remote Sensing Technology,4,25831,Business Communication,Business Communication.pdf,60.6,photogrammetry-remote-sensing-technology.zip
Photogrammetry & Remote Sensing Technology,4,26431,Structural Mechanics,Structural Mechanics.pdf,138.2,photogrammetry-remote-sensing-technology.zip
Photogrammetry & Remote Sensing Technology,5,25841,Accounting,Accounting.pdf,67.1,photogrammetry-remote-sensing-technology.zip
Photogrammetry & Remote Sensing Technology,5,29041,Environmental Studies,Environmental Studies.pdf,139.7,photogrammetry-remote-sensing-technology.zip
Photogrammetry & Remote Sensing Technology,6,25852,Industrial Management,Industrial Management.pdf,103.8,photogrammetry-remote-sensing-technology.zip
Photogrammetry & Remote Sensing Technology,6,25851,Principles of Marketing,Principles of Marketing.pdf,91.8,photogrammetry-remote-sensing-technology.zip
Photogrammetry & Remote Sensing Technology,7,25853,Innovation & Entrepreneurship,Innovation & Entrepreneurship.pdf,118.6,photogrammetry-remote-sensing-technology.zip
Power Technology,1,25711,Bangla-I,Bangla-I.pdf,110.2,power-technology.zip
Power Technology,1,21011,Engineering Drawing,Engineering Drawing.pdf,68.0,power-technology.zip
Power Technology,1,25712,English-I,English-I.pdf,242.2,power-technology.zip
Power Technology,1,25911,Mathematics -I,Mathematics -I.pdf,107.4,power-technology.zip
Power Technology,1,25812,Physical Education & Life Skills Development,Physical Education & Life Skills Development.pdf,68.0,power-technology.zip
Power Technology,1,25912,Physics -I,Physics -I.pdf,110.1,power-technology.zip
Power Technology,1,25811,Social Science,Social Science.pdf,149.7,power-technology.zip
Power Technology,2,25721,Bangla -II,Bangla -II.pdf,163.4,power-technology.zip
Power Technology,2,26711,Basic Electricity,Basic Electricity.pdf,102.0,power-technology.zip
Power Technology,2,27011,Basic Workshop Practice,Basic Workshop Practice.pdf,106.9,power-technology.zip
Power Technology,2,25913,Chemistry,Chemistry.pdf,143.9,power-technology.zip
Power Technology,2,28511,Computer Office Application,Computer Office Application.pdf,114.3,power-technology.zip
Power Technology,2,25722,English-II,English-II.pdf,160.1,power-technology.zip
Power Technology,2,25921,Mathematics-II,Mathematics-II.pdf,87.5,power-technology.zip
Power Technology,2,27121,Power Equipment Management & Safety,Power Equipment Management & Safety.pdf,54.5,power-technology.zip
Power Technology,3,26811,Basic Electronics,Basic Electronics.pdf,101.4,power-technology.zip
Power Technology,3,27012,Machine Shop Practice- I,Machine Shop Practice- I.pdf,111.4,power-technology.zip
Power Technology,3,25931,Mathematics-III,Mathematics-III.pdf,80.8,power-technology.zip
Power Technology,3,25922,Physics-II,Physics-II.pdf,133.4,power-technology.zip
Power Technology,3,27231,RAC Cycles & Components,RAC Cycles & Components.pdf,89.8,power-technology.zip
Power Technology,4,25841,Accounting,Accounting.pdf,67.1,power-technology.zip
Power Technology,4,27041,Engineering Mechanics,Engineering Mechanics.pdf,72.7,power-technology.zip
Power Technology,4,27043,Metallurgy,Metallurgy.pdf,81.6,power-technology.zip
Power Technology,4,28567,Progamming in C,Progamming in C.pdf,143.8,power-technology.zip
Power Technology,5,27053,Advanced Welding-I Automotive,Advanced Welding-I Automotive.pdf,182.0,power-technology.zip
Power Technology,5,25831,Business Communication,Business Communication.pdf,60.6,power-technology.zip
Power Technology,5,27151,"Electricity,Electronics & Automation","Electricity,Electronics & Automation.pdf",144.9,power-technology.zip
Power Technology,5,27051,Fluid Mechanics & Machineries,Fluid Mechanics & Machineries.pdf,138.6,power-technology.zip
Power Technology,5,25852,Industrial Management,Industrial Management.pdf,103.8,power-technology.zip
Power Technology,5,27152,Power Plant Enginnering,Power Plant Enginnering.pdf,144.6,power-technology.zip
Power Technology,6,29041,Environmental Studies,Environmental Studies.pdf,139.7,power-technology.zip
Power Technology,6,27161,"Maintainance Engine Overhauling, Inspection & Testing","Maintainance Engine Overhauling, Inspection & Testing.pdf",101.1,power-technology.zip
Power Technology,6,27062,Mechanical Measurement &,Mechanical Measurement &.pdf,105.9,power-technology.zip
Power Technology,6,27065,Metrology Plant Engineering &,Metrology Plant Engineering &.pdf,108.5,power-technology.zip
Power Technology,6,27061,Strength of Materials,Strength of Materials.pdf,101.3,power-technology.zip
Power Technology,7,25853,Innovation & Entrepreneurship,Innovation & Entrepreneurship.pdf,118.6,power-technology.zip
Power Technology,7,25851,Principles of Marketing,Principles of Marketing.pdf,91.8,power-technology.zip
Printing Technology,1,25711,Bangla-I,Bangla-I.pdf,110.2,printing-technology.zip
Printing Technology,1,27011,Basic Workshop Practice,Basic Workshop Practice.pdf,106.9,printing-technology.zip
Printing Technology,1,21011,Engineering Drawing,Engineering Drawing.pdf,68.0,printing-technology.zip
Printing Technology,1,25712,English-I,English-I.pdf,242.2,printing-technology.zip
Printing Technology,1,25911,Mathematics -I,Mathematics -I.pdf,107.4,printing-technology.zip
Printing Technology,1,25812,Physical Education & Life skills Development,Physical Education & Life skills Development.pdf,68.0,printing-technology.zip
Printing Technology,1,25912,Physics-I,Physics-I.pdf,110.1,printing-technology.zip
Printing Technology,1,25811,Social Science,Social Science.pdf,149.7,printing-technology.zip
Printing Technology,2,25721,Bangla -II,Bangla -II.pdf,163.4,printing-technology.zip
Printing Technology,2,26711,Basic Electricity,Basic Electricity.pdf,102.0,printing-technology.zip
Printing Technology,2,28511,Computer Office Application,Computer Office Application.pdf,114.3,printing-technology.zip
Printing Technology,2,25722,English-II,English-II.pdf,160.1,printing-technology.zip
Printing Technology,2,25921,Mathematics-II,Mathematics-II.pdf,87.5,printing-technology.zip
Printing Technology,2,25922,Physics -II,Physics -II.pdf,133.4,printing-technology.zip
Printing Technology,3,26811,Basic Electronics,Basic Electronics.pdf,101.4,printing-technology.zip
Printing Technology,3,25831,Business Communication,Business Communication.pdf,60.6,printing-technology.zip
Printing Technology,3,25913,Chemistry,Chemistry.pdf,143.9,printing-technology.zip
Printing Technology,3,25931,Mathematics-III,Mathematics-III.pdf,80.8,printing-technology.zip
Printing Technology,4,25841,Accounting,Accounting.pdf,67.1,printing-technology.zip
Printing Technology,4,29041,Environmental Studies,Environmental Studies.pdf,139.7,printing-technology.zip
Printing Technology,5,25851,Industrial Management,Industrial Management.pdf,91.8,printing-technology.zip
Printing Technology,6,25851,Principle of Marketing,Principle of Marketing.pdf,91.8,printing-technology.zip
Printing Technology,7,25853,Innovation & Entrepreneurship,Innovation & Entrepreneurship.pdf,118.6,printing-technology.zip
RAC Technology,1,25711,Bangla-I,Bangla-I.pdf,110.2,rac-technology.zip
RAC Technology,1,27011,Basic Workshop Practice,Basic Workshop Practice.pdf,106.9,rac-technology.zip
RAC Technology,1,21011,Engineering Drawing,Engineering Drawing.pdf,68.0,rac-technology.zip
RAC Technology,1,25712,English-I,English-I.pdf,242.2,rac-technology.zip
RAC Technology,1,25911,Mathematics -I,Mathematics -I.pdf,107.4,rac-technology.zip
RAC Technology,1,25912,Physics-I,Physics-I.pdf,110.1,rac-technology.zip
RAC Technology,1,25811,Social Science,Social Science.pdf,149.7,rac-technology.zip
RAC Technology,2,25721,Bangla -II,Bangla -II.pdf,163.4,rac-technology.zip
RAC Technology,2,26711,Basic Electricity,Basic Electricity.pdf,102.0,rac-technology.zip
RAC Technology,2,25913,Chemistry,Chemistry.pdf,143.9,rac-technology.zip
RAC Technology,2,25722,English-II,English-II.pdf,160.1,rac-technology.zip
RAC Technology,2,25921,Mathematics-II,Mathematics-II.pdf,87.5,rac-technology.zip
RAC Technology,2,27021,Mechanical Engineering Drawing,Mechanical Engineering Drawing.pdf,79.7,rac-technology.zip
RAC Technology,2,25812,Physical Education & Life skills Development,Physical Education & Life skills Development.pdf,68.0,rac-technology.zip
RAC Technology,3,26211,Automobile Fundamentals,Automobile Fundamentals.pdf,139.1,rac-technology.zip
RAC Technology,3,26811,Basic Electronics,Basic Electronics.pdf,101.4,rac-technology.zip
RAC Technology,3,25831,Business Communication,Business Communication.pdf,60.6,rac-technology.zip
RAC Technology,3,25931,Mathematics-III,Mathematics-III.pdf,80.8,rac-technology.zip
RAC Technology,3,25922,Physics -II,Physics -II.pdf,133.4,rac-technology.zip
RAC Technology,3,27231,RAC Cycles & Components,RAC Cycles & Components.pdf,89.8,rac-technology.zip
RAC Technology,4,25841,Accounting,Accounting.pdf,67.1,rac-technology.zip
RAC Technology,4,28511,Computer Office Application,Computer Office Application.pdf,114.3,rac-technology.zip
RAC Technology,4,27041,Engineering Mechanics,Engineering Mechanics.pdf,72.7,rac-technology.zip
RAC Technology,4,29041,Environmental Studies,Environmental Studies.pdf,139.7,rac-technology.zip
RAC Technology,4,27012,Machine Shop Practice I,Machine Shop Practice I.pdf,111.4,rac-technology.zip
RAC Technology,5,27051,Fluid Mechanics & Machineries,Fluid Mechanics & Machineries.pdf,138.6,rac-technology.zip
RAC Technology,5,27052,Mechanical Estimating & Costing,Mechanical Estimating & Costing.pdf,95.9,rac-technology.zip
RAC Technology,5,27043,Metallurgy,Metallurgy.pdf,81.6,rac-technology.zip
RAC Technology,5,25851,Principle of Marketing,Principle of Marketing.pdf,91.8,rac-technology.zip
RAC Technology,5,28567,Progamming in C,Progamming in C.pdf,143.8,rac-technology.zip
RAC Technology,6,25852,Industrial Management,Industrial Management.pdf,103.8,rac-technology.zip
RAC Technology,6,27065,Plant Engineering & Maintainance,Plant Engineering & Maintainance.pdf,108.5,rac-technology.zip
RAC Technology,6,27061,Strength of Materials,Strength of Materials.pdf,101.3,rac-technology.zip
RAC Technology,7,25853,Innovation & Entrepreneurship,Innovation & Entrepreneurship.pdf,118.6,rac-technology.zip
RAC Technology,7,29231,Mechatronics & PLC,Mechatronics & PLC.pdf,156.5,rac-technology.zip
RAC Technology,7,27075,Production Planning & Control,Production Planning & Control.pdf,141.9,rac-technology.zip
Shipbuilding Engineering,1,25711,Bangla -I,Bangla -I.pdf,110.2,shipbuilding-engineering.zip
Shipbuilding Engineering,1,26711,Basic Electricity,Basic Electricity.pdf,102.0,shipbuilding-engineering.zip
Shipbuilding Engineering,1,27011,Basic Workshop Practice,Basic Workshop Practice.pdf,106.9,shipbuilding-engineering.zip
Shipbuilding Engineering,1,21011,Engineering Drawing,Engineering Drawing.pdf,68.0,shipbuilding-engineering.zip
Shipbuilding Engineering,1,25712,English -I,English -I.pdf,242.2,shipbuilding-engineering.zip
Shipbuilding Engineering,1,25911,Mathematics -I,Mathematics -I.pdf,107.4,shipbuilding-engineering.zip
Shipbuilding Engineering,1,25912,Physics-I,Physics-I.pdf,110.1,shipbuilding-engineering.zip
Shipbuilding Engineering,1,25811,Social Science,Social Science.pdf,149.7,shipbuilding-engineering.zip
Shipbuilding Engineering,2,25721,Bangla-II,Bangla-II.pdf,163.4,shipbuilding-engineering.zip
Shipbuilding Engineering,2,26811,Basic Electronics,Basic Electronics.pdf,101.4,shipbuilding-engineering.zip
Shipbuilding Engineering,2,25913,Chemistry,Chemistry.pdf,143.9,shipbuilding-engineering.zip
Shipbuilding Engineering,2,25722,English-II,English-II.pdf,160.1,shipbuilding-engineering.zip
Shipbuilding Engineering,2,27012,Machine Shop Practice I,Machine Shop Practice I.pdf,111.4,shipbuilding-engineering.zip
Shipbuilding Engineering,2,25921,Mathematics-II,Mathematics-II.pdf,87.5,shipbuilding-engineering.zip
Shipbuilding Engineering,2,25922,Physics -II,Physics -II.pdf,133.4,shipbuilding-engineering.zip
Shipbuilding Engineering,3,27041,Engineering Mechanics,Engineering Mechanics.pdf,72.7,shipbuilding-engineering.zip
Shipbuilding Engineering,3,27032,Machine Shop Practice II,Machine Shop Practice II.pdf,93.8,shipbuilding-engineering.zip
Shipbuilding Engineering,3,25931,Mathematics-III,Mathematics-III.pdf,80.8,shipbuilding-engineering.zip
Shipbuilding Engineering,3,25812,Physical Education & Life skill Development,Physical Education & Life skill Development.pdf,68.0,shipbuilding-engineering.zip
Shipbuilding Engineering,4,25841,Accounting,Accounting.pdf,67.1,shipbuilding-engineering.zip
Shipbuilding Engineering,4,28511,Computer Office Appilication,Computer Office Appilication.pdf,114.3,shipbuilding-engineering.zip
Shipbuilding Engineering,4,27043,Metallurgy,Metallurgy.pdf,81.6,shipbuilding-engineering.zip
Shipbuilding Engineering,4,27061,Strength of Materials,Strength of Materials.pdf,101.3,shipbuilding-engineering.zip
Shipbuilding Engineering,7,25852,Industrial Management,Industrial Management.pdf,103.8,shipbuilding-engineering.zip
Shipbuilding Engineering,7,25853,Innovation & Entrepreneurship,Innovation & Entrepreneurship.pdf,118.6,shipbuilding-engineering.zip
Shipbuilding Engineering,7,27231,RAC Cycles & Components,RAC Cycles & Components.pdf,89.8,shipbuilding-engineering.zip
Surveying Technology,1,25711,Bangla-I,Bangla-I.pdf,110.2,surveying-technology.zip
Surveying Technology,1,26711,Basic Electricity,Basic Electricity.pdf,102.0,surveying-technology.zip
Surveying Technology,1,21011,Engineering Drawing,Engineering Drawing.pdf,68.0,surveying-technology.zip
Surveying Technology,1,25712,English-I,English-I.pdf,242.2,surveying-technology.zip
Surveying Technology,1,25911,Mathematics -I,Mathematics -I.pdf,107.4,surveying-technology.zip
Surveying Technology,1,25912,Physics -I,Physics -I.pdf,110.1,surveying-technology.zip
Surveying Technology,1,25811,Social Science,Social Science.pdf,149.7,surveying-technology.zip
Surveying Technology,2,25721,Bangla -II,Bangla -II.pdf,163.4,surveying-technology.zip
Surveying Technology,2,26811,Basic Electronics,Basic Electronics.pdf,101.4,surveying-technology.zip
Surveying Technology,2,28511,Computer Office Application,Computer Office Application.pdf,114.3,surveying-technology.zip
Surveying Technology,2,25722,English -II,English -II.pdf,160.1,surveying-technology.zip
Surveying Technology,2,25921,Mathematics-II,Mathematics-II.pdf,87.5,surveying-technology.zip
Surveying Technology,2,25812,Physical Education & Life skills Development,Physical Education & Life skills Development.pdf,68.0,surveying-technology.zip
Surveying Technology,2,25922,Physics -II,Physics -II.pdf,133.4,surveying-technology.zip
Surveying Technology,3,25913,Chemistry,Chemistry.pdf,143.9,surveying-technology.zip
Surveying Technology,3,25931,Mathematics-III,Mathematics-III.pdf,80.8,surveying-technology.zip
Surveying Technology,4,25831,Business Communication,Business Communication.pdf,60.6,surveying-technology.zip
Surveying Technology,4,26431,Structural Mechanics,Structural Mechanics.pdf,138.2,surveying-technology.zip
Surveying Technology,5,25841,Accounting,Accounting.pdf,67.1,surveying-technology.zip
Surveying Technology,5,29041,Environmental Studies,Environmental Studies.pdf,139.7,surveying-technology.zip
Surveying Technology,6,26464,Design of Structure-I,Design of Structure-I.pdf,104.8,surveying-technology.zip
Surveying Technology,6,25852,Industrial Management,Industrial Management.pdf,103.8,surveying-technology.zip
Surveying Technology,6,26463,Transportation Engineering-I,Transportation Engineering-I.pdf,125.4,surveying-technology.zip
Surveying Technology,7,28871,Construction Mangement & Documentaion,Construction Mangement & Documentaion.pdf,92.0,surveying-technology.zip
Surveying Technology,7,26474,Design of Structure -II,Design of Structure -II.pdf,114.9,surveying-technology.zip
Surveying Technology,7,25853,Innovation & Entrepreneurship,Innovation & Entrepreneurship.pdf,118.6,surveying-technology.zip
Surveying Technology,7,25851,Principles of Marketing,Principles of Marketing.pdf,91.8,surveying-technology.zip
Surveying Technology,7,26473,Transportation Enggineering-II,Transportation Enggineering-II.pdf,119.4,surveying-technology.zip
Telecommunication Technology,1,25711,Bangla-I,Bangla-I.pdf,110.2,telecommunication-technology.zip
Telecommunication Technology,1,26711,Basic Electricity,Basic Electricity.pdf,102.0,telecommunication-technology.zip
Telecommunication Technology,1,21011,Engineering Drawing,Engineering Drawing.pdf,68.0,telecommunication-technology.zip
Telecommunication Technology,1,25712,English-I,English-I.pdf,242.2,telecommunication-technology.zip
Telecommunication Technology,1,25911,Mathematics -I,Mathematics -I.pdf,107.4,telecommunication-technology.zip
Telecommunication Technology,1,25912,Physics-I,Physics-I.pdf,110.1,telecommunication-technology.zip
Telecommunication Technology,2,25721,Bangla -II,Bangla -II.pdf,163.4,telecommunication-technology.zip
Telecommunication Technology,2,26811,Basic Electronics,Basic Electronics.pdf,101.4,telecommunication-technology.zip
Telecommunication Technology,2,26721,Electrical Circuits-I,Electrical Circuits-I.pdf,89.7,telecommunication-technology.zip
Telecommunication Technology,2,25722,English-II,English-II.pdf,160.1,telecommunication-technology.zip
Telecommunication Technology,2,25921,Mathematics-II,Mathematics-II.pdf,87.5,telecommunication-technology.zip
Telecommunication Technology,2,25812,Physical Education & Life skills Development,Physical Education & Life skills Development.pdf,68.0,telecommunication-technology.zip
Telecommunication Technology,2,25922,Physics -II,Physics -II.pdf,133.4,telecommunication-technology.zip
Telecommunication Technology,2,25811,Social Science,Social Science.pdf,149.7,telecommunication-technology.zip
Telecommunication Technology,3,25913,Chemistry,Chemistry.pdf,143.9,telecommunication-technology.zip
Telecommunication Technology,3,28511,Computer Office Application,Computer Office Application.pdf,114.3,telecommunication-technology.zip
Telecommunication Technology,3,26821,Electronic Devices and Circuits,Electronic Devices and Circuits.pdf,112.1,telecommunication-technology.zip
Telecommunication Technology,3,25931,Mathematics-III,Mathematics-III.pdf,80.8,telecommunication-technology.zip
Telecommunication Technology,4,25841,Accounting,Accounting.pdf,67.1,telecommunication-technology.zip
Telecommunication Technology,4,26845,Digital Electronics,Digital Electronics.pdf,58.8,telecommunication-technology.zip
Telecommunication Technology,4,26741,"Electrical Installation,Planning and Estimating","Electrical Installation,Planning and Estimating.pdf",130.6,telecommunication-technology.zip
Telecommunication Technology,4,28567,Progamming in C,Progamming in C.pdf,143.8,telecommunication-technology.zip
Telecommunication Technology,5,26742,DC Machine,DC Machine.pdf,63.8,telecommunication-technology.zip
Telecommunication Technology,5,25852,Industrial Management,Industrial Management.pdf,103.8,telecommunication-technology.zip
Telecommunication Technology,5,25851,Principle of Marketing,Principle of Marketing.pdf,91.8,telecommunication-technology.zip
Telecommunication Technology,6,26761,AC Machine-I,AC Machine-I.pdf,118.3,telecommunication-technology.zip
Telecommunication Technology,6,26763,Electrical & Electronic,Electrical & Electronic.pdf,69.1,telecommunication-technology.zip
Telecommunication Technology,6,29041,Environmental Studies,Environmental Studies.pdf,139.7,telecommunication-technology.zip
Telecommunication Technology,7,26771,AC Machine-II,AC Machine-II.pdf,112.2,telecommunication-technology.zip
Telecommunication Technology,7,25831,Business Communication,Business Communication.pdf,60.6,telecommunication-technology.zip
Telecommunication Technology,7,25853,Innovation & Entrepreneurship,Innovation & Entrepreneurship.pdf,118.6,telecommunication-technology.zip
Telecommunication Technology,7,26773,Switch Gear and Protection,Switch Gear and Protection.pdf,132.7,telecommunication-technology.zip
Tourism and Hospitality Management Technology,1,25841,Accounting,Accounting.pdf,67.1,tourism-and-hospitality-management-technology.zip
Tourism and Hospitality Management Technology,1,25711,Bangla -I,Bangla -I.pdf,110.2,tourism-and-hospitality-management-technology.zip
Tourism and Hospitality Management Technology,1,28511,Computer Office Application,Computer Office Application.pdf,114.3,tourism-and-hospitality-management-technology.zip
Tourism and Hospitality Management Technology,1,25712,English-1,English-1.pdf,242.2,tourism-and-hospitality-management-technology.zip
Tourism and Hospitality Management Technology,1,25812,Physical Education & Life Skill Development,Physical Education & Life Skill Development.pdf,68.0,tourism-and-hospitality-management-technology.zip
Tourism and Hospitality Management Technology,2,25721,Bangla,Bangla.pdf,163.4,tourism-and-hospitality-management-technology.zip
Tourism and Hospitality Management Technology,2,25831,Business communication,Business communication.pdf,60.6,tourism-and-hospitality-management-technology.zip
Tourism and Hospitality Management Technology,2,25722,English-II,English-II.pdf,160.1,tourism-and-hospitality-management-technology.zip
Tourism and Hospitality Management Technology,2,25851,Principles of Marketing,Principles of Marketing.pdf,91.8,tourism-and-hospitality-management-technology.zip
Tourism and Hospitality Management Technology,2,25811,Social Science,Social Science.pdf,149.7,tourism-and-hospitality-management-technology.zip
Tourism and Hospitality Management Technology,3,26711,Basic Electricity,Basic Electricity.pdf,102.0,tourism-and-hospitality-management-technology.zip
Tourism and Hospitality Management Technology,5,29041,Environmental Studies,Environmental Studies.pdf,139.7,tourism-and-hospitality-management-technology.zip
Tourism and Hospitality Management Technology,6,25852,Industrial Management,Industrial Management.pdf,103.8,tourism-and-hospitality-management-technology.zip
Tourism and Hospitality Management Technology,7,25853,Innovation & Entrepreneurship,Innovation & Entrepreneurship.pdf,118.6,tourism-and-hospitality-management-technology.zip
